brth_yr,cnt,ethcty,gndr,nm,rnk
2011,24,ASIAN AND PACIFIC ISLANDER,FEMALE,ABIGAIL,24
2011,24,ASIAN AND PACIFIC ISLANDER,FEMALE,ABIGAIL,24
2011,24,ASIAN AND PACIFIC ISLANDER,FEMALE,ABIGAIL,24
2011,24,ASIAN AND PACIFIC ISLANDER,FEMALE,ABIGAIL,24
2011,24,ASIAN AND PACIFIC ISLANDER,FEMALE,ABIGAIL,24
2011,13,ASIAN AND PACIFIC ISLANDER,FEMALE,ADA,35
2011,13,ASIAN AND PACIFIC ISLANDER,FEMALE,ADA,35
2011,13,ASIAN AND PACIFIC ISLANDER,FEMALE,ADA,35
2011,13,ASIAN AND PACIFIC ISLANDER,FEMALE,ADA,35
2011,13,ASIAN AND PACIFIC ISLANDER,FEMALE,ADA,35
2011,13,ASIAN AND PACIFIC ISLANDER,FEMALE,AISHA,35
2011,13,ASIAN AND PACIFIC ISLANDER,FEMALE,AISHA,35
2011,13,ASIAN AND PACIFIC ISLANDER,FEMALE,AISHA,35
2011,13,ASIAN AND PACIFIC ISLANDER,FEMALE,AISHA,35
2011,13,ASIAN AND PACIFIC ISLANDER,FEMALE,AISHA,35
2011,10,ASIAN AND PACIFIC ISLANDER,FEMALE,AIZA,38
2011,10,ASIAN AND PACIFIC ISLANDER,FEMALE,AIZA,38
2011,10,ASIAN AND PACIFIC ISLANDER,FEMALE,AIZA,38
2011,10,ASIAN AND PACIFIC ISLANDER,FEMALE,AIZA,38
2011,10,ASIAN AND PACIFIC ISLANDER,FEMALE,AIZA,38
2011,12,ASIAN AND PACIFIC ISLANDER,FEMALE,ALEENA,36
2011,12,ASIAN AND PACIFIC ISLANDER,FEMALE,ALEENA,36
2011,12,ASIAN AND PACIFIC ISLANDER,FEMALE,ALEENA,36
2011,12,ASIAN AND PACIFIC ISLANDER,FEMALE,ALEENA,36
2011,12,ASIAN AND PACIFIC ISLANDER,FEMALE,ALEENA,36
2011,10,ASIAN AND PACIFIC ISLANDER,FEMALE,ALEXA,38
2011,10,ASIAN AND PACIFIC ISLANDER,FEMALE,ALEXA,38
2011,10,ASIAN AND PACIFIC ISLANDER,FEMALE,ALEXA,38
2011,10,ASIAN AND PACIFIC ISLANDER,FEMALE,ALEXA,38
2011,10,ASIAN AND PACIFIC ISLANDER,FEMALE,ALEXA,38
2011,13,ASIAN AND PACIFIC ISLANDER,FEMALE,ALEXANDRA,35
2011,13,ASIAN AND PACIFIC ISLANDER,FEMALE,ALEXANDRA,35
2011,13,ASIAN AND PACIFIC ISLANDER,FEMALE,ALEXANDRA,35
2011,13,ASIAN AND PACIFIC ISLANDER,FEMALE,ALEXANDRA,35
2011,13,ASIAN AND PACIFIC ISLANDER,FEMALE,ALEXANDRA,35
2011,27,ASIAN AND PACIFIC ISLANDER,FEMALE,ALICE,21
2011,27,ASIAN AND PACIFIC ISLANDER,FEMALE,ALICE,21
2011,27,ASIAN AND PACIFIC ISLANDER,FEMALE,ALICE,21
2011,27,ASIAN AND PACIFIC ISLANDER,FEMALE,ALICE,21
2011,27,ASIAN AND PACIFIC ISLANDER,FEMALE,ALICE,21
2011,25,ASIAN AND PACIFIC ISLANDER,FEMALE,ALINA,23
2011,25,ASIAN AND PACIFIC ISLANDER,FEMALE,ALINA,23
2011,25,ASIAN AND PACIFIC ISLANDER,FEMALE,ALINA,23
2011,25,ASIAN AND PACIFIC ISLANDER,FEMALE,ALINA,23
2011,25,ASIAN AND PACIFIC ISLANDER,FEMALE,ALINA,23
2011,10,ASIAN AND PACIFIC ISLANDER,FEMALE,ALISHA,38
2011,10,ASIAN AND PACIFIC ISLANDER,FEMALE,ALISHA,38
2011,10,ASIAN AND PACIFIC ISLANDER,FEMALE,ALISHA,38
2011,10,ASIAN AND PACIFIC ISLANDER,FEMALE,ALISHA,38
2011,10,ASIAN AND PACIFIC ISLANDER,FEMALE,ALISHA,38
2011,12,ASIAN AND PACIFIC ISLANDER,FEMALE,ALIYAH,36
2011,12,ASIAN AND PACIFIC ISLANDER,FEMALE,ALIYAH,36
2011,12,ASIAN AND PACIFIC ISLANDER,FEMALE,ALIYAH,36
2011,12,ASIAN AND PACIFIC ISLANDER,FEMALE,ALIYAH,36
2011,12,ASIAN AND PACIFIC ISLANDER,FEMALE,ALIYAH,36
2011,17,ASIAN AND PACIFIC ISLANDER,FEMALE,ALLISON,31
2011,17,ASIAN AND PACIFIC ISLANDER,FEMALE,ALLISON,31
2011,17,ASIAN AND PACIFIC ISLANDER,FEMALE,ALLISON,31
2011,17,ASIAN AND PACIFIC ISLANDER,FEMALE,ALLISON,31
2011,17,ASIAN AND PACIFIC ISLANDER,FEMALE,ALLISON,31
2011,26,ASIAN AND PACIFIC ISLANDER,FEMALE,ALYSSA,22
2011,26,ASIAN AND PACIFIC ISLANDER,FEMALE,ALYSSA,22
2011,26,ASIAN AND PACIFIC ISLANDER,FEMALE,ALYSSA,22
2011,26,ASIAN AND PACIFIC ISLANDER,FEMALE,ALYSSA,22
2011,26,ASIAN AND PACIFIC ISLANDER,FEMALE,ALYSSA,22
2011,22,ASIAN AND PACIFIC ISLANDER,FEMALE,AMANDA,26
2011,22,ASIAN AND PACIFIC ISLANDER,FEMALE,AMANDA,26
2011,22,ASIAN AND PACIFIC ISLANDER,FEMALE,AMANDA,26
2011,22,ASIAN AND PACIFIC ISLANDER,FEMALE,AMANDA,26
2011,22,ASIAN AND PACIFIC ISLANDER,FEMALE,AMANDA,26
2011,13,ASIAN AND PACIFIC ISLANDER,FEMALE,AMBER,35
2011,13,ASIAN AND PACIFIC ISLANDER,FEMALE,AMBER,35
2011,13,ASIAN AND PACIFIC ISLANDER,FEMALE,AMBER,35
2011,13,ASIAN AND PACIFIC ISLANDER,FEMALE,AMBER,35
2011,13,ASIAN AND PACIFIC ISLANDER,FEMALE,AMBER,35
2011,14,ASIAN AND PACIFIC ISLANDER,FEMALE,AMELIA,34
2011,14,ASIAN AND PACIFIC ISLANDER,FEMALE,AMELIA,34
2011,14,ASIAN AND PACIFIC ISLANDER,FEMALE,AMELIA,34
2011,14,ASIAN AND PACIFIC ISLANDER,FEMALE,AMELIA,34
2011,14,ASIAN AND PACIFIC ISLANDER,FEMALE,AMELIA,34
2011,24,ASIAN AND PACIFIC ISLANDER,FEMALE,AMY,24
2011,24,ASIAN AND PACIFIC ISLANDER,FEMALE,AMY,24
2011,24,ASIAN AND PACIFIC ISLANDER,FEMALE,AMY,24
2011,24,ASIAN AND PACIFIC ISLANDER,FEMALE,AMY,24
2011,24,ASIAN AND PACIFIC ISLANDER,FEMALE,AMY,24
2011,22,ASIAN AND PACIFIC ISLANDER,FEMALE,ANGEL,26
2011,22,ASIAN AND PACIFIC ISLANDER,FEMALE,ANGEL,26
2011,22,ASIAN AND PACIFIC ISLANDER,FEMALE,ANGEL,26
2011,22,ASIAN AND PACIFIC ISLANDER,FEMALE,ANGEL,26
2011,22,ASIAN AND PACIFIC ISLANDER,FEMALE,ANGEL,26
2011,47,ASIAN AND PACIFIC ISLANDER,FEMALE,ANGELA,10
2011,47,ASIAN AND PACIFIC ISLANDER,FEMALE,ANGELA,10
2011,47,ASIAN AND PACIFIC ISLANDER,FEMALE,ANGELA,10
2011,47,ASIAN AND PACIFIC ISLANDER,FEMALE,ANGELA,10
2011,47,ASIAN AND PACIFIC ISLANDER,FEMALE,ANGELA,10
2011,26,ASIAN AND PACIFIC ISLANDER,FEMALE,ANGELINA,22
2011,26,ASIAN AND PACIFIC ISLANDER,FEMALE,ANGELINA,22
2011,26,ASIAN AND PACIFIC ISLANDER,FEMALE,ANGELINA,22
2011,26,ASIAN AND PACIFIC ISLANDER,FEMALE,ANGELINA,22
2011,26,ASIAN AND PACIFIC ISLANDER,FEMALE,ANGELINA,22
2011,10,ASIAN AND PACIFIC ISLANDER,FEMALE,ANGIE,38
2011,10,ASIAN AND PACIFIC ISLANDER,FEMALE,ANGIE,38
2011,10,ASIAN AND PACIFIC ISLANDER,FEMALE,ANGIE,38
2011,10,ASIAN AND PACIFIC ISLANDER,FEMALE,ANGIE,38
2011,10,ASIAN AND PACIFIC ISLANDER,FEMALE,ANGIE,38
2011,14,ASIAN AND PACIFIC ISLANDER,FEMALE,ANIKA,34
2011,14,ASIAN AND PACIFIC ISLANDER,FEMALE,ANIKA,34
2011,14,ASIAN AND PACIFIC ISLANDER,FEMALE,ANIKA,34
2011,14,ASIAN AND PACIFIC ISLANDER,FEMALE,ANIKA,34
2011,14,ASIAN AND PACIFIC ISLANDER,FEMALE,ANIKA,34
2011,30,ASIAN AND PACIFIC ISLANDER,FEMALE,ANNA,19
2011,30,ASIAN AND PACIFIC ISLANDER,FEMALE,ANNA,19
2011,30,ASIAN AND PACIFIC ISLANDER,FEMALE,ANNA,19
2011,30,ASIAN AND PACIFIC ISLANDER,FEMALE,ANNA,19
2011,30,ASIAN AND PACIFIC ISLANDER,FEMALE,ANNA,19
2011,10,ASIAN AND PACIFIC ISLANDER,FEMALE,ANNABELLE,38
2011,10,ASIAN AND PACIFIC ISLANDER,FEMALE,ANNABELLE,38
2011,10,ASIAN AND PACIFIC ISLANDER,FEMALE,ANNABELLE,38
2011,10,ASIAN AND PACIFIC ISLANDER,FEMALE,ANNABELLE,38
2011,10,ASIAN AND PACIFIC ISLANDER,FEMALE,ANNABELLE,38
2011,20,ASIAN AND PACIFIC ISLANDER,FEMALE,ANNIE,28
2011,20,ASIAN AND PACIFIC ISLANDER,FEMALE,ANNIE,28
2011,20,ASIAN AND PACIFIC ISLANDER,FEMALE,ANNIE,28
2011,20,ASIAN AND PACIFIC ISLANDER,FEMALE,ANNIE,28
2011,20,ASIAN AND PACIFIC ISLANDER,FEMALE,ANNIE,28
2011,12,ASIAN AND PACIFIC ISLANDER,FEMALE,ARIA,36
2011,12,ASIAN AND PACIFIC ISLANDER,FEMALE,ARIA,36
2011,12,ASIAN AND PACIFIC ISLANDER,FEMALE,ARIA,36
2011,12,ASIAN AND PACIFIC ISLANDER,FEMALE,ARIA,36
2011,12,ASIAN AND PACIFIC ISLANDER,FEMALE,ARIA,36
2011,15,ASIAN AND PACIFIC ISLANDER,FEMALE,ARIANA,33
2011,15,ASIAN AND PACIFIC ISLANDER,FEMALE,ARIANA,33
2011,15,ASIAN AND PACIFIC ISLANDER,FEMALE,ARIANA,33
2011,15,ASIAN AND PACIFIC ISLANDER,FEMALE,ARIANA,33
2011,15,ASIAN AND PACIFIC ISLANDER,FEMALE,ARIANA,33
2011,11,ASIAN AND PACIFIC ISLANDER,FEMALE,ARIANNA,37
2011,11,ASIAN AND PACIFIC ISLANDER,FEMALE,ARIANNA,37
2011,11,ASIAN AND PACIFIC ISLANDER,FEMALE,ARIANNA,37
2011,11,ASIAN AND PACIFIC ISLANDER,FEMALE,ARIANNA,37
2011,11,ASIAN AND PACIFIC ISLANDER,FEMALE,ARIANNA,37
2011,12,ASIAN AND PACIFIC ISLANDER,FEMALE,ARYA,36
2011,12,ASIAN AND PACIFIC ISLANDER,FEMALE,ARYA,36
2011,12,ASIAN AND PACIFIC ISLANDER,FEMALE,ARYA,36
2011,12,ASIAN AND PACIFIC ISLANDER,FEMALE,ARYA,36
2011,12,ASIAN AND PACIFIC ISLANDER,FEMALE,ARYA,36
2011,52,ASIAN AND PACIFIC ISLANDER,FEMALE,ASHLEY,8
2011,52,ASIAN AND PACIFIC ISLANDER,FEMALE,ASHLEY,8
2011,52,ASIAN AND PACIFIC ISLANDER,FEMALE,ASHLEY,8
2011,52,ASIAN AND PACIFIC ISLANDER,FEMALE,ASHLEY,8
2011,52,ASIAN AND PACIFIC ISLANDER,FEMALE,ASHLEY,8
2011,19,ASIAN AND PACIFIC ISLANDER,FEMALE,AUDREY,29
2011,19,ASIAN AND PACIFIC ISLANDER,FEMALE,AUDREY,29
2011,19,ASIAN AND PACIFIC ISLANDER,FEMALE,AUDREY,29
2011,19,ASIAN AND PACIFIC ISLANDER,FEMALE,AUDREY,29
2011,19,ASIAN AND PACIFIC ISLANDER,FEMALE,AUDREY,29
2011,23,ASIAN AND PACIFIC ISLANDER,FEMALE,AVA,25
2011,23,ASIAN AND PACIFIC ISLANDER,FEMALE,AVA,25
2011,23,ASIAN AND PACIFIC ISLANDER,FEMALE,AVA,25
2011,23,ASIAN AND PACIFIC ISLANDER,FEMALE,AVA,25
2011,23,ASIAN AND PACIFIC ISLANDER,FEMALE,AVA,25
2011,17,ASIAN AND PACIFIC ISLANDER,FEMALE,AYESHA,31
2011,17,ASIAN AND PACIFIC ISLANDER,FEMALE,AYESHA,31
2011,17,ASIAN AND PACIFIC ISLANDER,FEMALE,AYESHA,31
2011,17,ASIAN AND PACIFIC ISLANDER,FEMALE,AYESHA,31
2011,17,ASIAN AND PACIFIC ISLANDER,FEMALE,AYESHA,31
2011,16,ASIAN AND PACIFIC ISLANDER,FEMALE,BELLA,32
2011,16,ASIAN AND PACIFIC ISLANDER,FEMALE,BELLA,32
2011,16,ASIAN AND PACIFIC ISLANDER,FEMALE,BELLA,32
2011,16,ASIAN AND PACIFIC ISLANDER,FEMALE,BELLA,32
2011,16,ASIAN AND PACIFIC ISLANDER,FEMALE,BELLA,32
2011,10,ASIAN AND PACIFIC ISLANDER,FEMALE,BONNIE,38
2011,10,ASIAN AND PACIFIC ISLANDER,FEMALE,BONNIE,38
2011,10,ASIAN AND PACIFIC ISLANDER,FEMALE,BONNIE,38
2011,10,ASIAN AND PACIFIC ISLANDER,FEMALE,BONNIE,38
2011,10,ASIAN AND PACIFIC ISLANDER,FEMALE,BONNIE,38
2011,13,ASIAN AND PACIFIC ISLANDER,FEMALE,BRIANNA,35
2011,13,ASIAN AND PACIFIC ISLANDER,FEMALE,BRIANNA,35
2011,13,ASIAN AND PACIFIC ISLANDER,FEMALE,BRIANNA,35
2011,13,ASIAN AND PACIFIC ISLANDER,FEMALE,BRIANNA,35
2011,13,ASIAN AND PACIFIC ISLANDER,FEMALE,BRIANNA,35
2011,27,ASIAN AND PACIFIC ISLANDER,FEMALE,CATHERINE,21
2011,27,ASIAN AND PACIFIC ISLANDER,FEMALE,CATHERINE,21
2011,27,ASIAN AND PACIFIC ISLANDER,FEMALE,CATHERINE,21
2011,27,ASIAN AND PACIFIC ISLANDER,FEMALE,CATHERINE,21
2011,27,ASIAN AND PACIFIC ISLANDER,FEMALE,CATHERINE,21
2011,12,ASIAN AND PACIFIC ISLANDER,FEMALE,CECILIA,36
2011,12,ASIAN AND PACIFIC ISLANDER,FEMALE,CECILIA,36
2011,12,ASIAN AND PACIFIC ISLANDER,FEMALE,CECILIA,36
2011,12,ASIAN AND PACIFIC ISLANDER,FEMALE,CECILIA,36
2011,12,ASIAN AND PACIFIC ISLANDER,FEMALE,CECILIA,36
2011,14,ASIAN AND PACIFIC ISLANDER,FEMALE,CHARLOTTE,34
2011,14,ASIAN AND PACIFIC ISLANDER,FEMALE,CHARLOTTE,34
2011,14,ASIAN AND PACIFIC ISLANDER,FEMALE,CHARLOTTE,34
2011,14,ASIAN AND PACIFIC ISLANDER,FEMALE,CHARLOTTE,34
2011,14,ASIAN AND PACIFIC ISLANDER,FEMALE,CHARLOTTE,34
2011,106,ASIAN AND PACIFIC ISLANDER,FEMALE,CHLOE,2
2011,106,ASIAN AND PACIFIC ISLANDER,FEMALE,CHLOE,2
2011,106,ASIAN AND PACIFIC ISLANDER,FEMALE,CHLOE,2
2011,106,ASIAN AND PACIFIC ISLANDER,FEMALE,CHLOE,2
2011,106,ASIAN AND PACIFIC ISLANDER,FEMALE,CHLOE,2
2011,20,ASIAN AND PACIFIC ISLANDER,FEMALE,CHRISTINA,28
2011,20,ASIAN AND PACIFIC ISLANDER,FEMALE,CHRISTINA,28
2011,20,ASIAN AND PACIFIC ISLANDER,FEMALE,CHRISTINA,28
2011,20,ASIAN AND PACIFIC ISLANDER,FEMALE,CHRISTINA,28
2011,20,ASIAN AND PACIFIC ISLANDER,FEMALE,CHRISTINA,28
2011,11,ASIAN AND PACIFIC ISLANDER,FEMALE,CHRISTINE,37
2011,11,ASIAN AND PACIFIC ISLANDER,FEMALE,CHRISTINE,37
2011,11,ASIAN AND PACIFIC ISLANDER,FEMALE,CHRISTINE,37
2011,11,ASIAN AND PACIFIC ISLANDER,FEMALE,CHRISTINE,37
2011,11,ASIAN AND PACIFIC ISLANDER,FEMALE,CHRISTINE,37
2011,12,ASIAN AND PACIFIC ISLANDER,FEMALE,CHRISTY,36
2011,12,ASIAN AND PACIFIC ISLANDER,FEMALE,CHRISTY,36
2011,12,ASIAN AND PACIFIC ISLANDER,FEMALE,CHRISTY,36
2011,12,ASIAN AND PACIFIC ISLANDER,FEMALE,CHRISTY,36
2011,12,ASIAN AND PACIFIC ISLANDER,FEMALE,CHRISTY,36
2011,14,ASIAN AND PACIFIC ISLANDER,FEMALE,CINDY,34
2011,14,ASIAN AND PACIFIC ISLANDER,FEMALE,CINDY,34
2011,14,ASIAN AND PACIFIC ISLANDER,FEMALE,CINDY,34
2011,14,ASIAN AND PACIFIC ISLANDER,FEMALE,CINDY,34
2011,14,ASIAN AND PACIFIC ISLANDER,FEMALE,CINDY,34
2011,27,ASIAN AND PACIFIC ISLANDER,FEMALE,CLAIRE,21
2011,27,ASIAN AND PACIFIC ISLANDER,FEMALE,CLAIRE,21
2011,27,ASIAN AND PACIFIC ISLANDER,FEMALE,CLAIRE,21
2011,27,ASIAN AND PACIFIC ISLANDER,FEMALE,CLAIRE,21
2011,27,ASIAN AND PACIFIC ISLANDER,FEMALE,CLAIRE,21
2011,14,ASIAN AND PACIFIC ISLANDER,FEMALE,CYNTHIA,34
2011,14,ASIAN AND PACIFIC ISLANDER,FEMALE,CYNTHIA,34
2011,14,ASIAN AND PACIFIC ISLANDER,FEMALE,CYNTHIA,34
2011,14,ASIAN AND PACIFIC ISLANDER,FEMALE,CYNTHIA,34
2011,14,ASIAN AND PACIFIC ISLANDER,FEMALE,CYNTHIA,34
2011,11,ASIAN AND PACIFIC ISLANDER,FEMALE,DAISY,37
2011,11,ASIAN AND PACIFIC ISLANDER,FEMALE,DAISY,37
2011,11,ASIAN AND PACIFIC ISLANDER,FEMALE,DAISY,37
2011,11,ASIAN AND PACIFIC ISLANDER,FEMALE,DAISY,37
2011,11,ASIAN AND PACIFIC ISLANDER,FEMALE,DAISY,37
2011,12,ASIAN AND PACIFIC ISLANDER,FEMALE,DIYA,36
2011,12,ASIAN AND PACIFIC ISLANDER,FEMALE,DIYA,36
2011,12,ASIAN AND PACIFIC ISLANDER,FEMALE,DIYA,36
2011,12,ASIAN AND PACIFIC ISLANDER,FEMALE,DIYA,36
2011,12,ASIAN AND PACIFIC ISLANDER,FEMALE,DIYA,36
2011,18,ASIAN AND PACIFIC ISLANDER,FEMALE,EILEEN,30
2011,18,ASIAN AND PACIFIC ISLANDER,FEMALE,EILEEN,30
2011,18,ASIAN AND PACIFIC ISLANDER,FEMALE,EILEEN,30
2011,18,ASIAN AND PACIFIC ISLANDER,FEMALE,EILEEN,30
2011,18,ASIAN AND PACIFIC ISLANDER,FEMALE,EILEEN,30
2011,28,ASIAN AND PACIFIC ISLANDER,FEMALE,ELAINE,20
2011,28,ASIAN AND PACIFIC ISLANDER,FEMALE,ELAINE,20
2011,28,ASIAN AND PACIFIC ISLANDER,FEMALE,ELAINE,20
2011,28,ASIAN AND PACIFIC ISLANDER,FEMALE,ELAINE,20
2011,28,ASIAN AND PACIFIC ISLANDER,FEMALE,ELAINE,20
2011,12,ASIAN AND PACIFIC ISLANDER,FEMALE,ELENA,36
2011,12,ASIAN AND PACIFIC ISLANDER,FEMALE,ELENA,36
2011,12,ASIAN AND PACIFIC ISLANDER,FEMALE,ELENA,36
2011,12,ASIAN AND PACIFIC ISLANDER,FEMALE,ELENA,36
2011,12,ASIAN AND PACIFIC ISLANDER,FEMALE,ELENA,36
2011,11,ASIAN AND PACIFIC ISLANDER,FEMALE,ELINA,37
2011,11,ASIAN AND PACIFIC ISLANDER,FEMALE,ELINA,37
2011,11,ASIAN AND PACIFIC ISLANDER,FEMALE,ELINA,37
2011,11,ASIAN AND PACIFIC ISLANDER,FEMALE,ELINA,37
2011,11,ASIAN AND PACIFIC ISLANDER,FEMALE,ELINA,37
2011,15,ASIAN AND PACIFIC ISLANDER,FEMALE,ELIZABETH,33
2011,15,ASIAN AND PACIFIC ISLANDER,FEMALE,ELIZABETH,33
2011,15,ASIAN AND PACIFIC ISLANDER,FEMALE,ELIZABETH,33
2011,15,ASIAN AND PACIFIC ISLANDER,FEMALE,ELIZABETH,33
2011,15,ASIAN AND PACIFIC ISLANDER,FEMALE,ELIZABETH,33
2011,25,ASIAN AND PACIFIC ISLANDER,FEMALE,ELLA,23
2011,25,ASIAN AND PACIFIC ISLANDER,FEMALE,ELLA,23
2011,25,ASIAN AND PACIFIC ISLANDER,FEMALE,ELLA,23
2011,25,ASIAN AND PACIFIC ISLANDER,FEMALE,ELLA,23
2011,25,ASIAN AND PACIFIC ISLANDER,FEMALE,ELLA,23
2011,93,ASIAN AND PACIFIC ISLANDER,FEMALE,EMILY,3
2011,93,ASIAN AND PACIFIC ISLANDER,FEMALE,EMILY,3
2011,93,ASIAN AND PACIFIC ISLANDER,FEMALE,EMILY,3
2011,93,ASIAN AND PACIFIC ISLANDER,FEMALE,EMILY,3
2011,93,ASIAN AND PACIFIC ISLANDER,FEMALE,EMILY,3
2011,75,ASIAN AND PACIFIC ISLANDER,FEMALE,EMMA,5
2011,75,ASIAN AND PACIFIC ISLANDER,FEMALE,EMMA,5
2011,75,ASIAN AND PACIFIC ISLANDER,FEMALE,EMMA,5
2011,75,ASIAN AND PACIFIC ISLANDER,FEMALE,EMMA,5
2011,75,ASIAN AND PACIFIC ISLANDER,FEMALE,EMMA,5
2011,19,ASIAN AND PACIFIC ISLANDER,FEMALE,ERICA,29
2011,19,ASIAN AND PACIFIC ISLANDER,FEMALE,ERICA,29
2011,19,ASIAN AND PACIFIC ISLANDER,FEMALE,ERICA,29
2011,19,ASIAN AND PACIFIC ISLANDER,FEMALE,ERICA,29
2011,19,ASIAN AND PACIFIC ISLANDER,FEMALE,ERICA,29
2011,12,ASIAN AND PACIFIC ISLANDER,FEMALE,ERIKA,36
2011,12,ASIAN AND PACIFIC ISLANDER,FEMALE,ERIKA,36
2011,12,ASIAN AND PACIFIC ISLANDER,FEMALE,ERIKA,36
2011,12,ASIAN AND PACIFIC ISLANDER,FEMALE,ERIKA,36
2011,12,ASIAN AND PACIFIC ISLANDER,FEMALE,ERIKA,36
2011,13,ASIAN AND PACIFIC ISLANDER,FEMALE,ERIN,35
2011,13,ASIAN AND PACIFIC ISLANDER,FEMALE,ERIN,35
2011,13,ASIAN AND PACIFIC ISLANDER,FEMALE,ERIN,35
2011,13,ASIAN AND PACIFIC ISLANDER,FEMALE,ERIN,35
2011,13,ASIAN AND PACIFIC ISLANDER,FEMALE,ERIN,35
2011,11,ASIAN AND PACIFIC ISLANDER,FEMALE,ESHAL,37
2011,11,ASIAN AND PACIFIC ISLANDER,FEMALE,ESHAL,37
2011,11,ASIAN AND PACIFIC ISLANDER,FEMALE,ESHAL,37
2011,11,ASIAN AND PACIFIC ISLANDER,FEMALE,ESHAL,37
2011,11,ASIAN AND PACIFIC ISLANDER,FEMALE,ESHAL,37
2011,22,ASIAN AND PACIFIC ISLANDER,FEMALE,EVA,26
2011,22,ASIAN AND PACIFIC ISLANDER,FEMALE,EVA,26
2011,22,ASIAN AND PACIFIC ISLANDER,FEMALE,EVA,26
2011,22,ASIAN AND PACIFIC ISLANDER,FEMALE,EVA,26
2011,22,ASIAN AND PACIFIC ISLANDER,FEMALE,EVA,26
2011,17,ASIAN AND PACIFIC ISLANDER,FEMALE,EVELYN,31
2011,17,ASIAN AND PACIFIC ISLANDER,FEMALE,EVELYN,31
2011,17,ASIAN AND PACIFIC ISLANDER,FEMALE,EVELYN,31
2011,17,ASIAN AND PACIFIC ISLANDER,FEMALE,EVELYN,31
2011,17,ASIAN AND PACIFIC ISLANDER,FEMALE,EVELYN,31
2011,24,ASIAN AND PACIFIC ISLANDER,FEMALE,FATIMA,24
2011,24,ASIAN AND PACIFIC ISLANDER,FEMALE,FATIMA,24
2011,24,ASIAN AND PACIFIC ISLANDER,FEMALE,FATIMA,24
2011,24,ASIAN AND PACIFIC ISLANDER,FEMALE,FATIMA,24
2011,24,ASIAN AND PACIFIC ISLANDER,FEMALE,FATIMA,24
2011,48,ASIAN AND PACIFIC ISLANDER,FEMALE,FIONA,9
2011,48,ASIAN AND PACIFIC ISLANDER,FEMALE,FIONA,9
2011,48,ASIAN AND PACIFIC ISLANDER,FEMALE,FIONA,9
2011,48,ASIAN AND PACIFIC ISLANDER,FEMALE,FIONA,9
2011,48,ASIAN AND PACIFIC ISLANDER,FEMALE,FIONA,9
2011,13,ASIAN AND PACIFIC ISLANDER,FEMALE,GIANNA,35
2011,13,ASIAN AND PACIFIC ISLANDER,FEMALE,GIANNA,35
2011,13,ASIAN AND PACIFIC ISLANDER,FEMALE,GIANNA,35
2011,13,ASIAN AND PACIFIC ISLANDER,FEMALE,GIANNA,35
2011,13,ASIAN AND PACIFIC ISLANDER,FEMALE,GIANNA,35
2011,33,ASIAN AND PACIFIC ISLANDER,FEMALE,GRACE,16
2011,33,ASIAN AND PACIFIC ISLANDER,FEMALE,GRACE,16
2011,33,ASIAN AND PACIFIC ISLANDER,FEMALE,GRACE,16
2011,33,ASIAN AND PACIFIC ISLANDER,FEMALE,GRACE,16
2011,33,ASIAN AND PACIFIC ISLANDER,FEMALE,GRACE,16
2011,16,ASIAN AND PACIFIC ISLANDER,FEMALE,HAILEY,32
2011,16,ASIAN AND PACIFIC ISLANDER,FEMALE,HAILEY,32
2011,16,ASIAN AND PACIFIC ISLANDER,FEMALE,HAILEY,32
2011,16,ASIAN AND PACIFIC ISLANDER,FEMALE,HAILEY,32
2011,16,ASIAN AND PACIFIC ISLANDER,FEMALE,HAILEY,32
2011,23,ASIAN AND PACIFIC ISLANDER,FEMALE,HANNAH,25
2011,23,ASIAN AND PACIFIC ISLANDER,FEMALE,HANNAH,25
2011,23,ASIAN AND PACIFIC ISLANDER,FEMALE,HANNAH,25
2011,23,ASIAN AND PACIFIC ISLANDER,FEMALE,HANNAH,25
2011,23,ASIAN AND PACIFIC ISLANDER,FEMALE,HANNAH,25
2011,10,ASIAN AND PACIFIC ISLANDER,FEMALE,HELEN,38
2011,10,ASIAN AND PACIFIC ISLANDER,FEMALE,HELEN,38
2011,10,ASIAN AND PACIFIC ISLANDER,FEMALE,HELEN,38
2011,10,ASIAN AND PACIFIC ISLANDER,FEMALE,HELEN,38
2011,10,ASIAN AND PACIFIC ISLANDER,FEMALE,HELEN,38
2011,20,ASIAN AND PACIFIC ISLANDER,FEMALE,IRENE,28
2011,20,ASIAN AND PACIFIC ISLANDER,FEMALE,IRENE,28
2011,20,ASIAN AND PACIFIC ISLANDER,FEMALE,IRENE,28
2011,20,ASIAN AND PACIFIC ISLANDER,FEMALE,IRENE,28
2011,20,ASIAN AND PACIFIC ISLANDER,FEMALE,IRENE,28
2011,26,ASIAN AND PACIFIC ISLANDER,FEMALE,IRIS,22
2011,26,ASIAN AND PACIFIC ISLANDER,FEMALE,IRIS,22
2011,26,ASIAN AND PACIFIC ISLANDER,FEMALE,IRIS,22
2011,26,ASIAN AND PACIFIC ISLANDER,FEMALE,IRIS,22
2011,26,ASIAN AND PACIFIC ISLANDER,FEMALE,IRIS,22
2011,12,ASIAN AND PACIFIC ISLANDER,FEMALE,ISABEL,36
2011,12,ASIAN AND PACIFIC ISLANDER,FEMALE,ISABEL,36
2011,12,ASIAN AND PACIFIC ISLANDER,FEMALE,ISABEL,36
2011,12,ASIAN AND PACIFIC ISLANDER,FEMALE,ISABEL,36
2011,12,ASIAN AND PACIFIC ISLANDER,FEMALE,ISABEL,36
2011,67,ASIAN AND PACIFIC ISLANDER,FEMALE,ISABELLA,6
2011,67,ASIAN AND PACIFIC ISLANDER,FEMALE,ISABELLA,6
2011,67,ASIAN AND PACIFIC ISLANDER,FEMALE,ISABELLA,6
2011,67,ASIAN AND PACIFIC ISLANDER,FEMALE,ISABELLA,6
2011,67,ASIAN AND PACIFIC ISLANDER,FEMALE,ISABELLA,6
2011,11,ASIAN AND PACIFIC ISLANDER,FEMALE,ISABELLE,37
2011,11,ASIAN AND PACIFIC ISLANDER,FEMALE,ISABELLE,37
2011,11,ASIAN AND PACIFIC ISLANDER,FEMALE,ISABELLE,37
2011,11,ASIAN AND PACIFIC ISLANDER,FEMALE,ISABELLE,37
2011,11,ASIAN AND PACIFIC ISLANDER,FEMALE,ISABELLE,37
2011,35,ASIAN AND PACIFIC ISLANDER,FEMALE,IVY,15
2011,35,ASIAN AND PACIFIC ISLANDER,FEMALE,IVY,15
2011,35,ASIAN AND PACIFIC ISLANDER,FEMALE,IVY,15
2011,35,ASIAN AND PACIFIC ISLANDER,FEMALE,IVY,15
2011,35,ASIAN AND PACIFIC ISLANDER,FEMALE,IVY,15
2011,14,ASIAN AND PACIFIC ISLANDER,FEMALE,JANICE,34
2011,14,ASIAN AND PACIFIC ISLANDER,FEMALE,JANICE,34
2011,14,ASIAN AND PACIFIC ISLANDER,FEMALE,JANICE,34
2011,14,ASIAN AND PACIFIC ISLANDER,FEMALE,JANICE,34
2011,14,ASIAN AND PACIFIC ISLANDER,FEMALE,JANICE,34
2011,13,ASIAN AND PACIFIC ISLANDER,FEMALE,JANNAT,35
2011,13,ASIAN AND PACIFIC ISLANDER,FEMALE,JANNAT,35
2011,13,ASIAN AND PACIFIC ISLANDER,FEMALE,JANNAT,35
2011,13,ASIAN AND PACIFIC ISLANDER,FEMALE,JANNAT,35
2011,13,ASIAN AND PACIFIC ISLANDER,FEMALE,JANNAT,35
2011,31,ASIAN AND PACIFIC ISLANDER,FEMALE,JASMINE,18
2011,31,ASIAN AND PACIFIC ISLANDER,FEMALE,JASMINE,18
2011,31,ASIAN AND PACIFIC ISLANDER,FEMALE,JASMINE,18
2011,31,ASIAN AND PACIFIC ISLANDER,FEMALE,JASMINE,18
2011,31,ASIAN AND PACIFIC ISLANDER,FEMALE,JASMINE,18
2011,18,ASIAN AND PACIFIC ISLANDER,FEMALE,JENNIFER,30
2011,18,ASIAN AND PACIFIC ISLANDER,FEMALE,JENNIFER,30
2011,18,ASIAN AND PACIFIC ISLANDER,FEMALE,JENNIFER,30
2011,18,ASIAN AND PACIFIC ISLANDER,FEMALE,JENNIFER,30
2011,18,ASIAN AND PACIFIC ISLANDER,FEMALE,JENNIFER,30
2011,27,ASIAN AND PACIFIC ISLANDER,FEMALE,JENNY,21
2011,27,ASIAN AND PACIFIC ISLANDER,FEMALE,JENNY,21
2011,27,ASIAN AND PACIFIC ISLANDER,FEMALE,JENNY,21
2011,27,ASIAN AND PACIFIC ISLANDER,FEMALE,JENNY,21
2011,27,ASIAN AND PACIFIC ISLANDER,FEMALE,JENNY,21
2011,26,ASIAN AND PACIFIC ISLANDER,FEMALE,JESSICA,22
2011,26,ASIAN AND PACIFIC ISLANDER,FEMALE,JESSICA,22
2011,26,ASIAN AND PACIFIC ISLANDER,FEMALE,JESSICA,22
2011,26,ASIAN AND PACIFIC ISLANDER,FEMALE,JESSICA,22
2011,26,ASIAN AND PACIFIC ISLANDER,FEMALE,JESSICA,22
2011,18,ASIAN AND PACIFIC ISLANDER,FEMALE,JESSIE,30
2011,18,ASIAN AND PACIFIC ISLANDER,FEMALE,JESSIE,30
2011,18,ASIAN AND PACIFIC ISLANDER,FEMALE,JESSIE,30
2011,18,ASIAN AND PACIFIC ISLANDER,FEMALE,JESSIE,30
2011,18,ASIAN AND PACIFIC ISLANDER,FEMALE,JESSIE,30
2011,12,ASIAN AND PACIFIC ISLANDER,FEMALE,JIA,36
2011,12,ASIAN AND PACIFIC ISLANDER,FEMALE,JIA,36
2011,12,ASIAN AND PACIFIC ISLANDER,FEMALE,JIA,36
2011,12,ASIAN AND PACIFIC ISLANDER,FEMALE,JIA,36
2011,12,ASIAN AND PACIFIC ISLANDER,FEMALE,JIA,36
2011,38,ASIAN AND PACIFIC ISLANDER,FEMALE,JOANNA,13
2011,38,ASIAN AND PACIFIC ISLANDER,FEMALE,JOANNA,13
2011,38,ASIAN AND PACIFIC ISLANDER,FEMALE,JOANNA,13
2011,38,ASIAN AND PACIFIC ISLANDER,FEMALE,JOANNA,13
2011,38,ASIAN AND PACIFIC ISLANDER,FEMALE,JOANNA,13
2011,15,ASIAN AND PACIFIC ISLANDER,FEMALE,JOCELYN,33
2011,15,ASIAN AND PACIFIC ISLANDER,FEMALE,JOCELYN,33
2011,15,ASIAN AND PACIFIC ISLANDER,FEMALE,JOCELYN,33
2011,15,ASIAN AND PACIFIC ISLANDER,FEMALE,JOCELYN,33
2011,15,ASIAN AND PACIFIC ISLANDER,FEMALE,JOCELYN,33
2011,14,ASIAN AND PACIFIC ISLANDER,FEMALE,JOY,34
2011,14,ASIAN AND PACIFIC ISLANDER,FEMALE,JOY,34
2011,14,ASIAN AND PACIFIC ISLANDER,FEMALE,JOY,34
2011,14,ASIAN AND PACIFIC ISLANDER,FEMALE,JOY,34
2011,14,ASIAN AND PACIFIC ISLANDER,FEMALE,JOY,34
2011,22,ASIAN AND PACIFIC ISLANDER,FEMALE,JOYCE,26
2011,22,ASIAN AND PACIFIC ISLANDER,FEMALE,JOYCE,26
2011,22,ASIAN AND PACIFIC ISLANDER,FEMALE,JOYCE,26
2011,22,ASIAN AND PACIFIC ISLANDER,FEMALE,JOYCE,26
2011,22,ASIAN AND PACIFIC ISLANDER,FEMALE,JOYCE,26
2011,24,ASIAN AND PACIFIC ISLANDER,FEMALE,JULIA,24
2011,24,ASIAN AND PACIFIC ISLANDER,FEMALE,JULIA,24
2011,24,ASIAN AND PACIFIC ISLANDER,FEMALE,JULIA,24
2011,24,ASIAN AND PACIFIC ISLANDER,FEMALE,JULIA,24
2011,24,ASIAN AND PACIFIC ISLANDER,FEMALE,JULIA,24
2011,11,ASIAN AND PACIFIC ISLANDER,FEMALE,KAITLYN,37
2011,11,ASIAN AND PACIFIC ISLANDER,FEMALE,KAITLYN,37
2011,11,ASIAN AND PACIFIC ISLANDER,FEMALE,KAITLYN,37
2011,11,ASIAN AND PACIFIC ISLANDER,FEMALE,KAITLYN,37
2011,11,ASIAN AND PACIFIC ISLANDER,FEMALE,KAITLYN,37
2011,22,ASIAN AND PACIFIC ISLANDER,FEMALE,KAREN,26
2011,22,ASIAN AND PACIFIC ISLANDER,FEMALE,KAREN,26
2011,22,ASIAN AND PACIFIC ISLANDER,FEMALE,KAREN,26
2011,22,ASIAN AND PACIFIC ISLANDER,FEMALE,KAREN,26
2011,22,ASIAN AND PACIFIC ISLANDER,FEMALE,KAREN,26
2011,10,ASIAN AND PACIFIC ISLANDER,FEMALE,KATE,38
2011,10,ASIAN AND PACIFIC ISLANDER,FEMALE,KATE,38
2011,10,ASIAN AND PACIFIC ISLANDER,FEMALE,KATE,38
2011,10,ASIAN AND PACIFIC ISLANDER,FEMALE,KATE,38
2011,10,ASIAN AND PACIFIC ISLANDER,FEMALE,KATE,38
2011,14,ASIAN AND PACIFIC ISLANDER,FEMALE,KATELYN,34
2011,14,ASIAN AND PACIFIC ISLANDER,FEMALE,KATELYN,34
2011,14,ASIAN AND PACIFIC ISLANDER,FEMALE,KATELYN,34
2011,14,ASIAN AND PACIFIC ISLANDER,FEMALE,KATELYN,34
2011,14,ASIAN AND PACIFIC ISLANDER,FEMALE,KATELYN,34
2011,21,ASIAN AND PACIFIC ISLANDER,FEMALE,KATHERINE,27
2011,21,ASIAN AND PACIFIC ISLANDER,FEMALE,KATHERINE,27
2011,21,ASIAN AND PACIFIC ISLANDER,FEMALE,KATHERINE,27
2011,21,ASIAN AND PACIFIC ISLANDER,FEMALE,KATHERINE,27
2011,21,ASIAN AND PACIFIC ISLANDER,FEMALE,KATHERINE,27
2011,18,ASIAN AND PACIFIC ISLANDER,FEMALE,KATIE,30
2011,18,ASIAN AND PACIFIC ISLANDER,FEMALE,KATIE,30
2011,18,ASIAN AND PACIFIC ISLANDER,FEMALE,KATIE,30
2011,18,ASIAN AND PACIFIC ISLANDER,FEMALE,KATIE,30
2011,18,ASIAN AND PACIFIC ISLANDER,FEMALE,KATIE,30
2011,21,ASIAN AND PACIFIC ISLANDER,FEMALE,KAYLA,27
2011,21,ASIAN AND PACIFIC ISLANDER,FEMALE,KAYLA,27
2011,21,ASIAN AND PACIFIC ISLANDER,FEMALE,KAYLA,27
2011,21,ASIAN AND PACIFIC ISLANDER,FEMALE,KAYLA,27
2011,21,ASIAN AND PACIFIC ISLANDER,FEMALE,KAYLA,27
2011,20,ASIAN AND PACIFIC ISLANDER,FEMALE,KAYLEE,28
2011,20,ASIAN AND PACIFIC ISLANDER,FEMALE,KAYLEE,28
2011,20,ASIAN AND PACIFIC ISLANDER,FEMALE,KAYLEE,28
2011,20,ASIAN AND PACIFIC ISLANDER,FEMALE,KAYLEE,28
2011,20,ASIAN AND PACIFIC ISLANDER,FEMALE,KAYLEE,28
2011,22,ASIAN AND PACIFIC ISLANDER,FEMALE,KELLY,26
2011,22,ASIAN AND PACIFIC ISLANDER,FEMALE,KELLY,26
2011,22,ASIAN AND PACIFIC ISLANDER,FEMALE,KELLY,26
2011,22,ASIAN AND PACIFIC ISLANDER,FEMALE,KELLY,26
2011,22,ASIAN AND PACIFIC ISLANDER,FEMALE,KELLY,26
2011,13,ASIAN AND PACIFIC ISLANDER,FEMALE,KHLOE,35
2011,13,ASIAN AND PACIFIC ISLANDER,FEMALE,KHLOE,35
2011,13,ASIAN AND PACIFIC ISLANDER,FEMALE,KHLOE,35
2011,13,ASIAN AND PACIFIC ISLANDER,FEMALE,KHLOE,35
2011,13,ASIAN AND PACIFIC ISLANDER,FEMALE,KHLOE,35
2011,11,ASIAN AND PACIFIC ISLANDER,FEMALE,KYLIE,37
2011,11,ASIAN AND PACIFIC ISLANDER,FEMALE,KYLIE,37
2011,11,ASIAN AND PACIFIC ISLANDER,FEMALE,KYLIE,37
2011,11,ASIAN AND PACIFIC ISLANDER,FEMALE,KYLIE,37
2011,11,ASIAN AND PACIFIC ISLANDER,FEMALE,KYLIE,37
2011,13,ASIAN AND PACIFIC ISLANDER,FEMALE,LAUREN,35
2011,13,ASIAN AND PACIFIC ISLANDER,FEMALE,LAUREN,35
2011,13,ASIAN AND PACIFIC ISLANDER,FEMALE,LAUREN,35
2011,13,ASIAN AND PACIFIC ISLANDER,FEMALE,LAUREN,35
2011,13,ASIAN AND PACIFIC ISLANDER,FEMALE,LAUREN,35
2011,16,ASIAN AND PACIFIC ISLANDER,FEMALE,LEAH,32
2011,16,ASIAN AND PACIFIC ISLANDER,FEMALE,LEAH,32
2011,16,ASIAN AND PACIFIC ISLANDER,FEMALE,LEAH,32
2011,16,ASIAN AND PACIFIC ISLANDER,FEMALE,LEAH,32
2011,16,ASIAN AND PACIFIC ISLANDER,FEMALE,LEAH,32
2011,10,ASIAN AND PACIFIC ISLANDER,FEMALE,LEELA,38
2011,10,ASIAN AND PACIFIC ISLANDER,FEMALE,LEELA,38
2011,10,ASIAN AND PACIFIC ISLANDER,FEMALE,LEELA,38
2011,10,ASIAN AND PACIFIC ISLANDER,FEMALE,LEELA,38
2011,10,ASIAN AND PACIFIC ISLANDER,FEMALE,LEELA,38
2011,16,ASIAN AND PACIFIC ISLANDER,FEMALE,LILLIAN,32
2011,16,ASIAN AND PACIFIC ISLANDER,FEMALE,LILLIAN,32
2011,16,ASIAN AND PACIFIC ISLANDER,FEMALE,LILLIAN,32
2011,16,ASIAN AND PACIFIC ISLANDER,FEMALE,LILLIAN,32
2011,16,ASIAN AND PACIFIC ISLANDER,FEMALE,LILLIAN,32
2011,15,ASIAN AND PACIFIC ISLANDER,FEMALE,LILY,33
2011,15,ASIAN AND PACIFIC ISLANDER,FEMALE,LILY,33
2011,15,ASIAN AND PACIFIC ISLANDER,FEMALE,LILY,33
2011,15,ASIAN AND PACIFIC ISLANDER,FEMALE,LILY,33
2011,15,ASIAN AND PACIFIC ISLANDER,FEMALE,LILY,33
2011,19,ASIAN AND PACIFIC ISLANDER,FEMALE,MADISON,29
2011,19,ASIAN AND PACIFIC ISLANDER,FEMALE,MADISON,29
2011,19,ASIAN AND PACIFIC ISLANDER,FEMALE,MADISON,29
2011,19,ASIAN AND PACIFIC ISLANDER,FEMALE,MADISON,29
2011,19,ASIAN AND PACIFIC ISLANDER,FEMALE,MADISON,29
2011,10,ASIAN AND PACIFIC ISLANDER,FEMALE,MAGGIE,38
2011,10,ASIAN AND PACIFIC ISLANDER,FEMALE,MAGGIE,38
2011,10,ASIAN AND PACIFIC ISLANDER,FEMALE,MAGGIE,38
2011,10,ASIAN AND PACIFIC ISLANDER,FEMALE,MAGGIE,38
2011,10,ASIAN AND PACIFIC ISLANDER,FEMALE,MAGGIE,38
2011,12,ASIAN AND PACIFIC ISLANDER,FEMALE,MANDY,36
2011,12,ASIAN AND PACIFIC ISLANDER,FEMALE,MANDY,36
2011,12,ASIAN AND PACIFIC ISLANDER,FEMALE,MANDY,36
2011,12,ASIAN AND PACIFIC ISLANDER,FEMALE,MANDY,36
2011,12,ASIAN AND PACIFIC ISLANDER,FEMALE,MANDY,36
2011,17,ASIAN AND PACIFIC ISLANDER,FEMALE,MARYAM,31
2011,17,ASIAN AND PACIFIC ISLANDER,FEMALE,MARYAM,31
2011,17,ASIAN AND PACIFIC ISLANDER,FEMALE,MARYAM,31
2011,17,ASIAN AND PACIFIC ISLANDER,FEMALE,MARYAM,31
2011,17,ASIAN AND PACIFIC ISLANDER,FEMALE,MARYAM,31
2011,27,ASIAN AND PACIFIC ISLANDER,FEMALE,MAYA,21
2011,27,ASIAN AND PACIFIC ISLANDER,FEMALE,MAYA,21
2011,27,ASIAN AND PACIFIC ISLANDER,FEMALE,MAYA,21
2011,27,ASIAN AND PACIFIC ISLANDER,FEMALE,MAYA,21
2011,27,ASIAN AND PACIFIC ISLANDER,FEMALE,MAYA,21
2011,10,ASIAN AND PACIFIC ISLANDER,FEMALE,MEGAN,38
2011,10,ASIAN AND PACIFIC ISLANDER,FEMALE,MEGAN,38
2011,10,ASIAN AND PACIFIC ISLANDER,FEMALE,MEGAN,38
2011,10,ASIAN AND PACIFIC ISLANDER,FEMALE,MEGAN,38
2011,10,ASIAN AND PACIFIC ISLANDER,FEMALE,MEGAN,38
2011,13,ASIAN AND PACIFIC ISLANDER,FEMALE,MELODY,35
2011,13,ASIAN AND PACIFIC ISLANDER,FEMALE,MELODY,35
2011,13,ASIAN AND PACIFIC ISLANDER,FEMALE,MELODY,35
2011,13,ASIAN AND PACIFIC ISLANDER,FEMALE,MELODY,35
2011,13,ASIAN AND PACIFIC ISLANDER,FEMALE,MELODY,35
2011,36,ASIAN AND PACIFIC ISLANDER,FEMALE,MIA,14
2011,36,ASIAN AND PACIFIC ISLANDER,FEMALE,MIA,14
2011,36,ASIAN AND PACIFIC ISLANDER,FEMALE,MIA,14
2011,36,ASIAN AND PACIFIC ISLANDER,FEMALE,MIA,14
2011,36,ASIAN AND PACIFIC ISLANDER,FEMALE,MIA,14
2011,42,ASIAN AND PACIFIC ISLANDER,FEMALE,MICHELLE,12
2011,42,ASIAN AND PACIFIC ISLANDER,FEMALE,MICHELLE,12
2011,42,ASIAN AND PACIFIC ISLANDER,FEMALE,MICHELLE,12
2011,42,ASIAN AND PACIFIC ISLANDER,FEMALE,MICHELLE,12
2011,42,ASIAN AND PACIFIC ISLANDER,FEMALE,MICHELLE,12
2011,17,ASIAN AND PACIFIC ISLANDER,FEMALE,MILA,31
2011,17,ASIAN AND PACIFIC ISLANDER,FEMALE,MILA,31
2011,17,ASIAN AND PACIFIC ISLANDER,FEMALE,MILA,31
2011,17,ASIAN AND PACIFIC ISLANDER,FEMALE,MILA,31
2011,17,ASIAN AND PACIFIC ISLANDER,FEMALE,MILA,31
2011,12,ASIAN AND PACIFIC ISLANDER,FEMALE,MINA,36
2011,12,ASIAN AND PACIFIC ISLANDER,FEMALE,MINA,36
2011,12,ASIAN AND PACIFIC ISLANDER,FEMALE,MINA,36
2011,12,ASIAN AND PACIFIC ISLANDER,FEMALE,MINA,36
2011,12,ASIAN AND PACIFIC ISLANDER,FEMALE,MINA,36
2011,20,ASIAN AND PACIFIC ISLANDER,FEMALE,NATALIE,28
2011,20,ASIAN AND PACIFIC ISLANDER,FEMALE,NATALIE,28
2011,20,ASIAN AND PACIFIC ISLANDER,FEMALE,NATALIE,28
2011,20,ASIAN AND PACIFIC ISLANDER,FEMALE,NATALIE,28
2011,20,ASIAN AND PACIFIC ISLANDER,FEMALE,NATALIE,28
2011,33,ASIAN AND PACIFIC ISLANDER,FEMALE,NICOLE,16
2011,33,ASIAN AND PACIFIC ISLANDER,FEMALE,NICOLE,16
2011,33,ASIAN AND PACIFIC ISLANDER,FEMALE,NICOLE,16
2011,33,ASIAN AND PACIFIC ISLANDER,FEMALE,NICOLE,16
2011,33,ASIAN AND PACIFIC ISLANDER,FEMALE,NICOLE,16
2011,21,ASIAN AND PACIFIC ISLANDER,FEMALE,NINA,27
2011,21,ASIAN AND PACIFIC ISLANDER,FEMALE,NINA,27
2011,21,ASIAN AND PACIFIC ISLANDER,FEMALE,NINA,27
2011,21,ASIAN AND PACIFIC ISLANDER,FEMALE,NINA,27
2011,21,ASIAN AND PACIFIC ISLANDER,FEMALE,NINA,27
2011,89,ASIAN AND PACIFIC ISLANDER,FEMALE,OLIVIA,4
2011,89,ASIAN AND PACIFIC ISLANDER,FEMALE,OLIVIA,4
2011,89,ASIAN AND PACIFIC ISLANDER,FEMALE,OLIVIA,4
2011,89,ASIAN AND PACIFIC ISLANDER,FEMALE,OLIVIA,4
2011,89,ASIAN AND PACIFIC ISLANDER,FEMALE,OLIVIA,4
2011,18,ASIAN AND PACIFIC ISLANDER,FEMALE,PHOEBE,30
2011,18,ASIAN AND PACIFIC ISLANDER,FEMALE,PHOEBE,30
2011,18,ASIAN AND PACIFIC ISLANDER,FEMALE,PHOEBE,30
2011,18,ASIAN AND PACIFIC ISLANDER,FEMALE,PHOEBE,30
2011,18,ASIAN AND PACIFIC ISLANDER,FEMALE,PHOEBE,30
2011,15,ASIAN AND PACIFIC ISLANDER,FEMALE,QUEENIE,33
2011,15,ASIAN AND PACIFIC ISLANDER,FEMALE,QUEENIE,33
2011,15,ASIAN AND PACIFIC ISLANDER,FEMALE,QUEENIE,33
2011,15,ASIAN AND PACIFIC ISLANDER,FEMALE,QUEENIE,33
2011,15,ASIAN AND PACIFIC ISLANDER,FEMALE,QUEENIE,33
2011,18,ASIAN AND PACIFIC ISLANDER,FEMALE,RACHEL,30
2011,18,ASIAN AND PACIFIC ISLANDER,FEMALE,RACHEL,30
2011,18,ASIAN AND PACIFIC ISLANDER,FEMALE,RACHEL,30
2011,18,ASIAN AND PACIFIC ISLANDER,FEMALE,RACHEL,30
2011,18,ASIAN AND PACIFIC ISLANDER,FEMALE,RACHEL,30
2011,11,ASIAN AND PACIFIC ISLANDER,FEMALE,RAINA,37
2011,11,ASIAN AND PACIFIC ISLANDER,FEMALE,RAINA,37
2011,11,ASIAN AND PACIFIC ISLANDER,FEMALE,RAINA,37
2011,11,ASIAN AND PACIFIC ISLANDER,FEMALE,RAINA,37
2011,11,ASIAN AND PACIFIC ISLANDER,FEMALE,RAINA,37
2011,13,ASIAN AND PACIFIC ISLANDER,FEMALE,REBECCA,35
2011,13,ASIAN AND PACIFIC ISLANDER,FEMALE,REBECCA,35
2011,13,ASIAN AND PACIFIC ISLANDER,FEMALE,REBECCA,35
2011,13,ASIAN AND PACIFIC ISLANDER,FEMALE,REBECCA,35
2011,13,ASIAN AND PACIFIC ISLANDER,FEMALE,REBECCA,35
2011,10,ASIAN AND PACIFIC ISLANDER,FEMALE,RENEE,38
2011,10,ASIAN AND PACIFIC ISLANDER,FEMALE,RENEE,38
2011,10,ASIAN AND PACIFIC ISLANDER,FEMALE,RENEE,38
2011,10,ASIAN AND PACIFIC ISLANDER,FEMALE,RENEE,38
2011,10,ASIAN AND PACIFIC ISLANDER,FEMALE,RENEE,38
2011,23,ASIAN AND PACIFIC ISLANDER,FEMALE,SABRINA,25
2011,23,ASIAN AND PACIFIC ISLANDER,FEMALE,SABRINA,25
2011,23,ASIAN AND PACIFIC ISLANDER,FEMALE,SABRINA,25
2011,23,ASIAN AND PACIFIC ISLANDER,FEMALE,SABRINA,25
2011,23,ASIAN AND PACIFIC ISLANDER,FEMALE,SABRINA,25
2011,22,ASIAN AND PACIFIC ISLANDER,FEMALE,SAMANTHA,26
2011,22,ASIAN AND PACIFIC ISLANDER,FEMALE,SAMANTHA,26
2011,22,ASIAN AND PACIFIC ISLANDER,FEMALE,SAMANTHA,26
2011,22,ASIAN AND PACIFIC ISLANDER,FEMALE,SAMANTHA,26
2011,22,ASIAN AND PACIFIC ISLANDER,FEMALE,SAMANTHA,26
2011,24,ASIAN AND PACIFIC ISLANDER,FEMALE,SARA,24
2011,24,ASIAN AND PACIFIC ISLANDER,FEMALE,SARA,24
2011,24,ASIAN AND PACIFIC ISLANDER,FEMALE,SARA,24
2011,24,ASIAN AND PACIFIC ISLANDER,FEMALE,SARA,24
2011,24,ASIAN AND PACIFIC ISLANDER,FEMALE,SARA,24
2011,38,ASIAN AND PACIFIC ISLANDER,FEMALE,SARAH,13
2011,38,ASIAN AND PACIFIC ISLANDER,FEMALE,SARAH,13
2011,38,ASIAN AND PACIFIC ISLANDER,FEMALE,SARAH,13
2011,38,ASIAN AND PACIFIC ISLANDER,FEMALE,SARAH,13
2011,38,ASIAN AND PACIFIC ISLANDER,FEMALE,SARAH,13
2011,13,ASIAN AND PACIFIC ISLANDER,FEMALE,SELENA,35
2011,13,ASIAN AND PACIFIC ISLANDER,FEMALE,SELENA,35
2011,13,ASIAN AND PACIFIC ISLANDER,FEMALE,SELENA,35
2011,13,ASIAN AND PACIFIC ISLANDER,FEMALE,SELENA,35
2011,13,ASIAN AND PACIFIC ISLANDER,FEMALE,SELENA,35
2011,26,ASIAN AND PACIFIC ISLANDER,FEMALE,SELINA,22
2011,26,ASIAN AND PACIFIC ISLANDER,FEMALE,SELINA,22
2011,26,ASIAN AND PACIFIC ISLANDER,FEMALE,SELINA,22
2011,26,ASIAN AND PACIFIC ISLANDER,FEMALE,SELINA,22
2011,26,ASIAN AND PACIFIC ISLANDER,FEMALE,SELINA,22
2011,17,ASIAN AND PACIFIC ISLANDER,FEMALE,SERENA,31
2011,17,ASIAN AND PACIFIC ISLANDER,FEMALE,SERENA,31
2011,17,ASIAN AND PACIFIC ISLANDER,FEMALE,SERENA,31
2011,17,ASIAN AND PACIFIC ISLANDER,FEMALE,SERENA,31
2011,17,ASIAN AND PACIFIC ISLANDER,FEMALE,SERENA,31
2011,20,ASIAN AND PACIFIC ISLANDER,FEMALE,SHARON,28
2011,20,ASIAN AND PACIFIC ISLANDER,FEMALE,SHARON,28
2011,20,ASIAN AND PACIFIC ISLANDER,FEMALE,SHARON,28
2011,20,ASIAN AND PACIFIC ISLANDER,FEMALE,SHARON,28
2011,20,ASIAN AND PACIFIC ISLANDER,FEMALE,SHARON,28
2011,12,ASIAN AND PACIFIC ISLANDER,FEMALE,SHIRLEY,36
2011,12,ASIAN AND PACIFIC ISLANDER,FEMALE,SHIRLEY,36
2011,12,ASIAN AND PACIFIC ISLANDER,FEMALE,SHIRLEY,36
2011,12,ASIAN AND PACIFIC ISLANDER,FEMALE,SHIRLEY,36
2011,12,ASIAN AND PACIFIC ISLANDER,FEMALE,SHIRLEY,36
2011,19,ASIAN AND PACIFIC ISLANDER,FEMALE,SOFIA,29
2011,19,ASIAN AND PACIFIC ISLANDER,FEMALE,SOFIA,29
2011,19,ASIAN AND PACIFIC ISLANDER,FEMALE,SOFIA,29
2011,19,ASIAN AND PACIFIC ISLANDER,FEMALE,SOFIA,29
2011,19,ASIAN AND PACIFIC ISLANDER,FEMALE,SOFIA,29
2011,119,ASIAN AND PACIFIC ISLANDER,FEMALE,SOPHIA,1
2011,119,ASIAN AND PACIFIC ISLANDER,FEMALE,SOPHIA,1
2011,119,ASIAN AND PACIFIC ISLANDER,FEMALE,SOPHIA,1
2011,119,ASIAN AND PACIFIC ISLANDER,FEMALE,SOPHIA,1
2011,119,ASIAN AND PACIFIC ISLANDER,FEMALE,SOPHIA,1
2011,25,ASIAN AND PACIFIC ISLANDER,FEMALE,SOPHIE,23
2011,25,ASIAN AND PACIFIC ISLANDER,FEMALE,SOPHIE,23
2011,25,ASIAN AND PACIFIC ISLANDER,FEMALE,SOPHIE,23
2011,25,ASIAN AND PACIFIC ISLANDER,FEMALE,SOPHIE,23
2011,25,ASIAN AND PACIFIC ISLANDER,FEMALE,SOPHIE,23
2011,11,ASIAN AND PACIFIC ISLANDER,FEMALE,STELLA,37
2011,11,ASIAN AND PACIFIC ISLANDER,FEMALE,STELLA,37
2011,11,ASIAN AND PACIFIC ISLANDER,FEMALE,STELLA,37
2011,11,ASIAN AND PACIFIC ISLANDER,FEMALE,STELLA,37
2011,11,ASIAN AND PACIFIC ISLANDER,FEMALE,STELLA,37
2011,22,ASIAN AND PACIFIC ISLANDER,FEMALE,STEPHANIE,26
2011,22,ASIAN AND PACIFIC ISLANDER,FEMALE,STEPHANIE,26
2011,22,ASIAN AND PACIFIC ISLANDER,FEMALE,STEPHANIE,26
2011,22,ASIAN AND PACIFIC ISLANDER,FEMALE,STEPHANIE,26
2011,22,ASIAN AND PACIFIC ISLANDER,FEMALE,STEPHANIE,26
2011,16,ASIAN AND PACIFIC ISLANDER,FEMALE,SYEDA,32
2011,16,ASIAN AND PACIFIC ISLANDER,FEMALE,SYEDA,32
2011,16,ASIAN AND PACIFIC ISLANDER,FEMALE,SYEDA,32
2011,16,ASIAN AND PACIFIC ISLANDER,FEMALE,SYEDA,32
2011,16,ASIAN AND PACIFIC ISLANDER,FEMALE,SYEDA,32
2011,10,ASIAN AND PACIFIC ISLANDER,FEMALE,TANISHA,38
2011,10,ASIAN AND PACIFIC ISLANDER,FEMALE,TANISHA,38
2011,10,ASIAN AND PACIFIC ISLANDER,FEMALE,TANISHA,38
2011,10,ASIAN AND PACIFIC ISLANDER,FEMALE,TANISHA,38
2011,10,ASIAN AND PACIFIC ISLANDER,FEMALE,TANISHA,38
2011,26,ASIAN AND PACIFIC ISLANDER,FEMALE,TENZIN,22
2011,26,ASIAN AND PACIFIC ISLANDER,FEMALE,TENZIN,22
2011,26,ASIAN AND PACIFIC ISLANDER,FEMALE,TENZIN,22
2011,26,ASIAN AND PACIFIC ISLANDER,FEMALE,TENZIN,22
2011,26,ASIAN AND PACIFIC ISLANDER,FEMALE,TENZIN,22
2011,54,ASIAN AND PACIFIC ISLANDER,FEMALE,TIFFANY,7
2011,54,ASIAN AND PACIFIC ISLANDER,FEMALE,TIFFANY,7
2011,54,ASIAN AND PACIFIC ISLANDER,FEMALE,TIFFANY,7
2011,54,ASIAN AND PACIFIC ISLANDER,FEMALE,TIFFANY,7
2011,54,ASIAN AND PACIFIC ISLANDER,FEMALE,TIFFANY,7
2011,14,ASIAN AND PACIFIC ISLANDER,FEMALE,TINA,34
2011,14,ASIAN AND PACIFIC ISLANDER,FEMALE,TINA,34
2011,14,ASIAN AND PACIFIC ISLANDER,FEMALE,TINA,34
2011,14,ASIAN AND PACIFIC ISLANDER,FEMALE,TINA,34
2011,14,ASIAN AND PACIFIC ISLANDER,FEMALE,TINA,34
2011,15,ASIAN AND PACIFIC ISLANDER,FEMALE,VANESSA,33
2011,15,ASIAN AND PACIFIC ISLANDER,FEMALE,VANESSA,33
2011,15,ASIAN AND PACIFIC ISLANDER,FEMALE,VANESSA,33
2011,15,ASIAN AND PACIFIC ISLANDER,FEMALE,VANESSA,33
2011,15,ASIAN AND PACIFIC ISLANDER,FEMALE,VANESSA,33
2011,32,ASIAN AND PACIFIC ISLANDER,FEMALE,VICKY,17
2011,32,ASIAN AND PACIFIC ISLANDER,FEMALE,VICKY,17
2011,32,ASIAN AND PACIFIC ISLANDER,FEMALE,VICKY,17
2011,32,ASIAN AND PACIFIC ISLANDER,FEMALE,VICKY,17
2011,32,ASIAN AND PACIFIC ISLANDER,FEMALE,VICKY,17
2011,22,ASIAN AND PACIFIC ISLANDER,FEMALE,VICTORIA,26
2011,22,ASIAN AND PACIFIC ISLANDER,FEMALE,VICTORIA,26
2011,22,ASIAN AND PACIFIC ISLANDER,FEMALE,VICTORIA,26
2011,22,ASIAN AND PACIFIC ISLANDER,FEMALE,VICTORIA,26
2011,22,ASIAN AND PACIFIC ISLANDER,FEMALE,VICTORIA,26
2011,44,ASIAN AND PACIFIC ISLANDER,FEMALE,VIVIAN,11
2011,44,ASIAN AND PACIFIC ISLANDER,FEMALE,VIVIAN,11
2011,44,ASIAN AND PACIFIC ISLANDER,FEMALE,VIVIAN,11
2011,44,ASIAN AND PACIFIC ISLANDER,FEMALE,VIVIAN,11
2011,44,ASIAN AND PACIFIC ISLANDER,FEMALE,VIVIAN,11
2011,16,ASIAN AND PACIFIC ISLANDER,FEMALE,WENDY,32
2011,16,ASIAN AND PACIFIC ISLANDER,FEMALE,WENDY,32
2011,16,ASIAN AND PACIFIC ISLANDER,FEMALE,WENDY,32
2011,16,ASIAN AND PACIFIC ISLANDER,FEMALE,WENDY,32
2011,16,ASIAN AND PACIFIC ISLANDER,FEMALE,WENDY,32
2011,25,ASIAN AND PACIFIC ISLANDER,FEMALE,WINNIE,23
2011,25,ASIAN AND PACIFIC ISLANDER,FEMALE,WINNIE,23
2011,25,ASIAN AND PACIFIC ISLANDER,FEMALE,WINNIE,23
2011,25,ASIAN AND PACIFIC ISLANDER,FEMALE,WINNIE,23
2011,25,ASIAN AND PACIFIC ISLANDER,FEMALE,WINNIE,23
2011,18,ASIAN AND PACIFIC ISLANDER,FEMALE,XIN,30
2011,18,ASIAN AND PACIFIC ISLANDER,FEMALE,XIN,30
2011,18,ASIAN AND PACIFIC ISLANDER,FEMALE,XIN,30
2011,18,ASIAN AND PACIFIC ISLANDER,FEMALE,XIN,30
2011,18,ASIAN AND PACIFIC ISLANDER,FEMALE,XIN,30
2011,13,ASIAN AND PACIFIC ISLANDER,FEMALE,YU,35
2011,13,ASIAN AND PACIFIC ISLANDER,FEMALE,YU,35
2011,13,ASIAN AND PACIFIC ISLANDER,FEMALE,YU,35
2011,13,ASIAN AND PACIFIC ISLANDER,FEMALE,YU,35
2011,13,ASIAN AND PACIFIC ISLANDER,FEMALE,YU,35
2011,19,ASIAN AND PACIFIC ISLANDER,FEMALE,ZAHRA,29
2011,19,ASIAN AND PACIFIC ISLANDER,FEMALE,ZAHRA,29
2011,19,ASIAN AND PACIFIC ISLANDER,FEMALE,ZAHRA,29
2011,19,ASIAN AND PACIFIC ISLANDER,FEMALE,ZAHRA,29
2011,19,ASIAN AND PACIFIC ISLANDER,FEMALE,ZAHRA,29
2011,23,ASIAN AND PACIFIC ISLANDER,FEMALE,ZAINAB,25
2011,23,ASIAN AND PACIFIC ISLANDER,FEMALE,ZAINAB,25
2011,23,ASIAN AND PACIFIC ISLANDER,FEMALE,ZAINAB,25
2011,23,ASIAN AND PACIFIC ISLANDER,FEMALE,ZAINAB,25
2011,23,ASIAN AND PACIFIC ISLANDER,FEMALE,ZAINAB,25
2011,14,ASIAN AND PACIFIC ISLANDER,FEMALE,ZARA,34
2011,14,ASIAN AND PACIFIC ISLANDER,FEMALE,ZARA,34
2011,14,ASIAN AND PACIFIC ISLANDER,FEMALE,ZARA,34
2011,14,ASIAN AND PACIFIC ISLANDER,FEMALE,ZARA,34
2011,14,ASIAN AND PACIFIC ISLANDER,FEMALE,ZARA,34
2011,25,ASIAN AND PACIFIC ISLANDER,FEMALE,ZOE,23
2011,25,ASIAN AND PACIFIC ISLANDER,FEMALE,ZOE,23
2011,25,ASIAN AND PACIFIC ISLANDER,FEMALE,ZOE,23
2011,25,ASIAN AND PACIFIC ISLANDER,FEMALE,ZOE,23
2011,25,ASIAN AND PACIFIC ISLANDER,FEMALE,ZOE,23
2011,69,BLACK NON HISPANIC,FEMALE,AALIYAH,5
2011,69,BLACK NON HISPANIC,FEMALE,AALIYAH,5
2011,69,BLACK NON HISPANIC,FEMALE,AALIYAH,5
2011,69,BLACK NON HISPANIC,FEMALE,AALIYAH,5
2011,69,BLACK NON HISPANIC,FEMALE,AALIYAH,5
2011,51,BLACK NON HISPANIC,FEMALE,ABIGAIL,11
2011,51,BLACK NON HISPANIC,FEMALE,ABIGAIL,11
2011,51,BLACK NON HISPANIC,FEMALE,ABIGAIL,11
2011,51,BLACK NON HISPANIC,FEMALE,ABIGAIL,11
2011,51,BLACK NON HISPANIC,FEMALE,ABIGAIL,11
2011,13,BLACK NON HISPANIC,FEMALE,ADDISON,42
2011,13,BLACK NON HISPANIC,FEMALE,ADDISON,42
2011,13,BLACK NON HISPANIC,FEMALE,ADDISON,42
2011,13,BLACK NON HISPANIC,FEMALE,ADDISON,42
2011,13,BLACK NON HISPANIC,FEMALE,ADDISON,42
2011,14,BLACK NON HISPANIC,FEMALE,AICHA,41
2011,14,BLACK NON HISPANIC,FEMALE,AICHA,41
2011,14,BLACK NON HISPANIC,FEMALE,AICHA,41
2011,14,BLACK NON HISPANIC,FEMALE,AICHA,41
2011,14,BLACK NON HISPANIC,FEMALE,AICHA,41
2011,10,BLACK NON HISPANIC,FEMALE,AISHA,45
2011,10,BLACK NON HISPANIC,FEMALE,AISHA,45
2011,10,BLACK NON HISPANIC,FEMALE,AISHA,45
2011,10,BLACK NON HISPANIC,FEMALE,AISHA,45
2011,10,BLACK NON HISPANIC,FEMALE,AISHA,45
2011,13,BLACK NON HISPANIC,FEMALE,AISSATOU,42
2011,13,BLACK NON HISPANIC,FEMALE,AISSATOU,42
2011,13,BLACK NON HISPANIC,FEMALE,AISSATOU,42
2011,13,BLACK NON HISPANIC,FEMALE,AISSATOU,42
2011,13,BLACK NON HISPANIC,FEMALE,AISSATOU,42
2011,18,BLACK NON HISPANIC,FEMALE,ALANA,37
2011,18,BLACK NON HISPANIC,FEMALE,ALANA,37
2011,18,BLACK NON HISPANIC,FEMALE,ALANA,37
2011,18,BLACK NON HISPANIC,FEMALE,ALANA,37
2011,18,BLACK NON HISPANIC,FEMALE,ALANA,37
2011,13,BLACK NON HISPANIC,FEMALE,ALEXIS,42
2011,13,BLACK NON HISPANIC,FEMALE,ALEXIS,42
2011,13,BLACK NON HISPANIC,FEMALE,ALEXIS,42
2011,13,BLACK NON HISPANIC,FEMALE,ALEXIS,42
2011,13,BLACK NON HISPANIC,FEMALE,ALEXIS,42
2011,11,BLACK NON HISPANIC,FEMALE,ALICIA,44
2011,11,BLACK NON HISPANIC,FEMALE,ALICIA,44
2011,11,BLACK NON HISPANIC,FEMALE,ALICIA,44
2011,11,BLACK NON HISPANIC,FEMALE,ALICIA,44
2011,11,BLACK NON HISPANIC,FEMALE,ALICIA,44
2011,23,BLACK NON HISPANIC,FEMALE,ALIYAH,32
2011,23,BLACK NON HISPANIC,FEMALE,ALIYAH,32
2011,23,BLACK NON HISPANIC,FEMALE,ALIYAH,32
2011,23,BLACK NON HISPANIC,FEMALE,ALIYAH,32
2011,23,BLACK NON HISPANIC,FEMALE,ALIYAH,32
2011,35,BLACK NON HISPANIC,FEMALE,ALYSSA,20
2011,35,BLACK NON HISPANIC,FEMALE,ALYSSA,20
2011,35,BLACK NON HISPANIC,FEMALE,ALYSSA,20
2011,35,BLACK NON HISPANIC,FEMALE,ALYSSA,20
2011,35,BLACK NON HISPANIC,FEMALE,ALYSSA,20
2011,17,BLACK NON HISPANIC,FEMALE,AMANDA,38
2011,17,BLACK NON HISPANIC,FEMALE,AMANDA,38
2011,17,BLACK NON HISPANIC,FEMALE,AMANDA,38
2011,17,BLACK NON HISPANIC,FEMALE,AMANDA,38
2011,17,BLACK NON HISPANIC,FEMALE,AMANDA,38
2011,15,BLACK NON HISPANIC,FEMALE,AMANI,40
2011,15,BLACK NON HISPANIC,FEMALE,AMANI,40
2011,15,BLACK NON HISPANIC,FEMALE,AMANI,40
2011,15,BLACK NON HISPANIC,FEMALE,AMANI,40
2011,15,BLACK NON HISPANIC,FEMALE,AMANI,40
2011,32,BLACK NON HISPANIC,FEMALE,AMAYA,23
2011,32,BLACK NON HISPANIC,FEMALE,AMAYA,23
2011,32,BLACK NON HISPANIC,FEMALE,AMAYA,23
2011,32,BLACK NON HISPANIC,FEMALE,AMAYA,23
2011,32,BLACK NON HISPANIC,FEMALE,AMAYA,23
2011,18,BLACK NON HISPANIC,FEMALE,AMBER,37
2011,18,BLACK NON HISPANIC,FEMALE,AMBER,37
2011,18,BLACK NON HISPANIC,FEMALE,AMBER,37
2011,18,BLACK NON HISPANIC,FEMALE,AMBER,37
2011,18,BLACK NON HISPANIC,FEMALE,AMBER,37
2011,19,BLACK NON HISPANIC,FEMALE,AMELIA,36
2011,19,BLACK NON HISPANIC,FEMALE,AMELIA,36
2011,19,BLACK NON HISPANIC,FEMALE,AMELIA,36
2011,19,BLACK NON HISPANIC,FEMALE,AMELIA,36
2011,19,BLACK NON HISPANIC,FEMALE,AMELIA,36
2011,14,BLACK NON HISPANIC,FEMALE,AMINA,41
2011,14,BLACK NON HISPANIC,FEMALE,AMINA,41
2011,14,BLACK NON HISPANIC,FEMALE,AMINA,41
2011,14,BLACK NON HISPANIC,FEMALE,AMINA,41
2011,14,BLACK NON HISPANIC,FEMALE,AMINA,41
2011,25,BLACK NON HISPANIC,FEMALE,AMINATA,30
2011,25,BLACK NON HISPANIC,FEMALE,AMINATA,30
2011,25,BLACK NON HISPANIC,FEMALE,AMINATA,30
2011,25,BLACK NON HISPANIC,FEMALE,AMINATA,30
2011,25,BLACK NON HISPANIC,FEMALE,AMINATA,30
2011,15,BLACK NON HISPANIC,FEMALE,AMIRA,40
2011,15,BLACK NON HISPANIC,FEMALE,AMIRA,40
2011,15,BLACK NON HISPANIC,FEMALE,AMIRA,40
2011,15,BLACK NON HISPANIC,FEMALE,AMIRA,40
2011,15,BLACK NON HISPANIC,FEMALE,AMIRA,40
2011,22,BLACK NON HISPANIC,FEMALE,AMIRAH,33
2011,22,BLACK NON HISPANIC,FEMALE,AMIRAH,33
2011,22,BLACK NON HISPANIC,FEMALE,AMIRAH,33
2011,22,BLACK NON HISPANIC,FEMALE,AMIRAH,33
2011,22,BLACK NON HISPANIC,FEMALE,AMIRAH,33
2011,20,BLACK NON HISPANIC,FEMALE,AMIYAH,35
2011,20,BLACK NON HISPANIC,FEMALE,AMIYAH,35
2011,20,BLACK NON HISPANIC,FEMALE,AMIYAH,35
2011,20,BLACK NON HISPANIC,FEMALE,AMIYAH,35
2011,20,BLACK NON HISPANIC,FEMALE,AMIYAH,35
2011,12,BLACK NON HISPANIC,FEMALE,ANAYA,43
2011,12,BLACK NON HISPANIC,FEMALE,ANAYA,43
2011,12,BLACK NON HISPANIC,FEMALE,ANAYA,43
2011,12,BLACK NON HISPANIC,FEMALE,ANAYA,43
2011,12,BLACK NON HISPANIC,FEMALE,ANAYA,43
2011,16,BLACK NON HISPANIC,FEMALE,ANGEL,39
2011,16,BLACK NON HISPANIC,FEMALE,ANGEL,39
2011,16,BLACK NON HISPANIC,FEMALE,ANGEL,39
2011,16,BLACK NON HISPANIC,FEMALE,ANGEL,39
2011,16,BLACK NON HISPANIC,FEMALE,ANGEL,39
2011,11,BLACK NON HISPANIC,FEMALE,ANGELINA,44
2011,11,BLACK NON HISPANIC,FEMALE,ANGELINA,44
2011,11,BLACK NON HISPANIC,FEMALE,ANGELINA,44
2011,11,BLACK NON HISPANIC,FEMALE,ANGELINA,44
2011,11,BLACK NON HISPANIC,FEMALE,ANGELINA,44
2011,19,BLACK NON HISPANIC,FEMALE,ANIYA,36
2011,19,BLACK NON HISPANIC,FEMALE,ANIYA,36
2011,19,BLACK NON HISPANIC,FEMALE,ANIYA,36
2011,19,BLACK NON HISPANIC,FEMALE,ANIYA,36
2011,19,BLACK NON HISPANIC,FEMALE,ANIYA,36
2011,35,BLACK NON HISPANIC,FEMALE,ANIYAH,20
2011,35,BLACK NON HISPANIC,FEMALE,ANIYAH,20
2011,35,BLACK NON HISPANIC,FEMALE,ANIYAH,20
2011,35,BLACK NON HISPANIC,FEMALE,ANIYAH,20
2011,35,BLACK NON HISPANIC,FEMALE,ANIYAH,20
2011,13,BLACK NON HISPANIC,FEMALE,ARIA,42
2011,13,BLACK NON HISPANIC,FEMALE,ARIA,42
2011,13,BLACK NON HISPANIC,FEMALE,ARIA,42
2011,13,BLACK NON HISPANIC,FEMALE,ARIA,42
2011,13,BLACK NON HISPANIC,FEMALE,ARIA,42
2011,13,BLACK NON HISPANIC,FEMALE,ARIANA,42
2011,13,BLACK NON HISPANIC,FEMALE,ARIANA,42
2011,13,BLACK NON HISPANIC,FEMALE,ARIANA,42
2011,13,BLACK NON HISPANIC,FEMALE,ARIANA,42
2011,13,BLACK NON HISPANIC,FEMALE,ARIANA,42
2011,38,BLACK NON HISPANIC,FEMALE,ARIANNA,17
2011,38,BLACK NON HISPANIC,FEMALE,ARIANNA,17
2011,38,BLACK NON HISPANIC,FEMALE,ARIANNA,17
2011,38,BLACK NON HISPANIC,FEMALE,ARIANNA,17
2011,38,BLACK NON HISPANIC,FEMALE,ARIANNA,17
2011,32,BLACK NON HISPANIC,FEMALE,ARIEL,23
2011,32,BLACK NON HISPANIC,FEMALE,ARIEL,23
2011,32,BLACK NON HISPANIC,FEMALE,ARIEL,23
2011,32,BLACK NON HISPANIC,FEMALE,ARIEL,23
2011,32,BLACK NON HISPANIC,FEMALE,ARIEL,23
2011,20,BLACK NON HISPANIC,FEMALE,ARIELLE,35
2011,20,BLACK NON HISPANIC,FEMALE,ARIELLE,35
2011,20,BLACK NON HISPANIC,FEMALE,ARIELLE,35
2011,20,BLACK NON HISPANIC,FEMALE,ARIELLE,35
2011,20,BLACK NON HISPANIC,FEMALE,ARIELLE,35
2011,16,BLACK NON HISPANIC,FEMALE,ASHLEY,39
2011,16,BLACK NON HISPANIC,FEMALE,ASHLEY,39
2011,16,BLACK NON HISPANIC,FEMALE,ASHLEY,39
2011,16,BLACK NON HISPANIC,FEMALE,ASHLEY,39
2011,16,BLACK NON HISPANIC,FEMALE,ASHLEY,39
2011,16,BLACK NON HISPANIC,FEMALE,AUBREY,39
2011,16,BLACK NON HISPANIC,FEMALE,AUBREY,39
2011,16,BLACK NON HISPANIC,FEMALE,AUBREY,39
2011,16,BLACK NON HISPANIC,FEMALE,AUBREY,39
2011,16,BLACK NON HISPANIC,FEMALE,AUBREY,39
2011,26,BLACK NON HISPANIC,FEMALE,AUTUMN,29
2011,26,BLACK NON HISPANIC,FEMALE,AUTUMN,29
2011,26,BLACK NON HISPANIC,FEMALE,AUTUMN,29
2011,26,BLACK NON HISPANIC,FEMALE,AUTUMN,29
2011,26,BLACK NON HISPANIC,FEMALE,AUTUMN,29
2011,40,BLACK NON HISPANIC,FEMALE,AVA,15
2011,40,BLACK NON HISPANIC,FEMALE,AVA,15
2011,40,BLACK NON HISPANIC,FEMALE,AVA,15
2011,40,BLACK NON HISPANIC,FEMALE,AVA,15
2011,40,BLACK NON HISPANIC,FEMALE,AVA,15
2011,38,BLACK NON HISPANIC,FEMALE,BRIANNA,17
2011,38,BLACK NON HISPANIC,FEMALE,BRIANNA,17
2011,38,BLACK NON HISPANIC,FEMALE,BRIANNA,17
2011,38,BLACK NON HISPANIC,FEMALE,BRIANNA,17
2011,38,BLACK NON HISPANIC,FEMALE,BRIANNA,17
2011,35,BLACK NON HISPANIC,FEMALE,BRIELLE,20
2011,35,BLACK NON HISPANIC,FEMALE,BRIELLE,20
2011,35,BLACK NON HISPANIC,FEMALE,BRIELLE,20
2011,35,BLACK NON HISPANIC,FEMALE,BRIELLE,20
2011,35,BLACK NON HISPANIC,FEMALE,BRIELLE,20
2011,12,BLACK NON HISPANIC,FEMALE,BROOKE,43
2011,12,BLACK NON HISPANIC,FEMALE,BROOKE,43
2011,12,BLACK NON HISPANIC,FEMALE,BROOKE,43
2011,12,BLACK NON HISPANIC,FEMALE,BROOKE,43
2011,12,BLACK NON HISPANIC,FEMALE,BROOKE,43
2011,12,BLACK NON HISPANIC,FEMALE,CAMILLE,43
2011,12,BLACK NON HISPANIC,FEMALE,CAMILLE,43
2011,12,BLACK NON HISPANIC,FEMALE,CAMILLE,43
2011,12,BLACK NON HISPANIC,FEMALE,CAMILLE,43
2011,12,BLACK NON HISPANIC,FEMALE,CAMILLE,43
2011,37,BLACK NON HISPANIC,FEMALE,CHELSEA,18
2011,37,BLACK NON HISPANIC,FEMALE,CHELSEA,18
2011,37,BLACK NON HISPANIC,FEMALE,CHELSEA,18
2011,37,BLACK NON HISPANIC,FEMALE,CHELSEA,18
2011,37,BLACK NON HISPANIC,FEMALE,CHELSEA,18
2011,10,BLACK NON HISPANIC,FEMALE,CHEYENNE,45
2011,10,BLACK NON HISPANIC,FEMALE,CHEYENNE,45
2011,10,BLACK NON HISPANIC,FEMALE,CHEYENNE,45
2011,10,BLACK NON HISPANIC,FEMALE,CHEYENNE,45
2011,10,BLACK NON HISPANIC,FEMALE,CHEYENNE,45
2011,72,BLACK NON HISPANIC,FEMALE,CHLOE,4
2011,72,BLACK NON HISPANIC,FEMALE,CHLOE,4
2011,72,BLACK NON HISPANIC,FEMALE,CHLOE,4
2011,72,BLACK NON HISPANIC,FEMALE,CHLOE,4
2011,72,BLACK NON HISPANIC,FEMALE,CHLOE,4
2011,17,BLACK NON HISPANIC,FEMALE,CHRISTINA,38
2011,17,BLACK NON HISPANIC,FEMALE,CHRISTINA,38
2011,17,BLACK NON HISPANIC,FEMALE,CHRISTINA,38
2011,17,BLACK NON HISPANIC,FEMALE,CHRISTINA,38
2011,17,BLACK NON HISPANIC,FEMALE,CHRISTINA,38
2011,15,BLACK NON HISPANIC,FEMALE,DAKOTA,40
2011,15,BLACK NON HISPANIC,FEMALE,DAKOTA,40
2011,15,BLACK NON HISPANIC,FEMALE,DAKOTA,40
2011,15,BLACK NON HISPANIC,FEMALE,DAKOTA,40
2011,15,BLACK NON HISPANIC,FEMALE,DAKOTA,40
