average_class_size,borough,core_course_ms_core_and_9_12_only_,core_subject_ms_core_and_9_12_only_,csd,data_source,grade_,number_of_sections,number_of_students_seats_filled,program_type,school_code,school_name,schoolwide_pupil_teacher_ratio,service_category_k_9_only_,size_of_largest_class,size_of_smallest_class
19.0,M,-,-,1,ATS,0K,1,19,GEN ED,M015,P.S. 015 Roberto Clemente,,-,19,19
21.0,M,-,-,1,ATS,0K,1,21,CTT,M015,P.S. 015 Roberto Clemente,,-,21,21
17.0,M,-,-,1,ATS,01,1,17,GEN ED,M015,P.S. 015 Roberto Clemente,,-,17,17
17.0,M,-,-,1,ATS,01,1,17,CTT,M015,P.S. 015 Roberto Clemente,,-,17,17
15.0,M,-,-,1,ATS,02,1,15,GEN ED,M015,P.S. 015 Roberto Clemente,,-,15,15
17.0,M,-,-,1,ATS,02,1,17,CTT,M015,P.S. 015 Roberto Clemente,,-,17,17
12.0,M,-,-,1,ATS,03,1,12,GEN ED,M015,P.S. 015 Roberto Clemente,,-,12,12
15.0,M,-,-,1,ATS,03,1,15,CTT,M015,P.S. 015 Roberto Clemente,,-,15,15
13.0,M,-,-,1,ATS,04,2,26,GEN ED,M015,P.S. 015 Roberto Clemente,,-,14,12
27.0,M,-,-,1,ATS,05,1,27,GEN ED,M015,P.S. 015 Roberto Clemente,,-,27,27
9.0,M,-,-,1,ATS,0K-09,1,9,SPEC ED,M015,P.S. 015 Roberto Clemente,,12:1:1,9,9
,M,,,1,,,,,,M015,P.S. 015 Roberto Clemente,8.4,,,
19.5,M,-,-,1,ATS,0K,2,39,GEN ED,M019,P.S. 019 Asher Levy,,-,21,18
12.0,M,-,-,1,ATS,0K,1,12,CTT,M019,P.S. 019 Asher Levy,,-,12,12
19.5,M,-,-,1,ATS,01,2,39,GEN ED,M019,P.S. 019 Asher Levy,,-,20,19
13.0,M,-,-,1,ATS,01,1,13,CTT,M019,P.S. 019 Asher Levy,,-,13,13
23.0,M,-,-,1,ATS,02,2,46,GEN ED,M019,P.S. 019 Asher Levy,,-,24,22
17.5,M,-,-,1,ATS,03,2,35,GEN ED,M019,P.S. 019 Asher Levy,,-,18,17
22.0,M,-,-,1,ATS,04,1,22,GEN ED,M019,P.S. 019 Asher Levy,,-,22,22
24.0,M,-,-,1,ATS,04,1,24,CTT,M019,P.S. 019 Asher Levy,,-,24,24
22.0,M,-,-,1,ATS,05,1,22,GEN ED,M019,P.S. 019 Asher Levy,,-,22,22
21.0,M,-,-,1,ATS,05,1,21,CTT,M019,P.S. 019 Asher Levy,,-,21,21
7.0,M,-,-,1,ATS,0K-09,1,7,SPEC ED,M019,P.S. 019 Asher Levy,,12:1,7,7
11.0,M,-,-,1,ATS,0K-09,1,11,SPEC ED,M019,P.S. 019 Asher Levy,,12:1:1,11,11
,M,,,1,,,,,,M019,P.S. 019 Asher Levy,10.0,,,
22.3,M,-,-,1,ATS,0K,4,89,GEN ED,M020,P.S. 020 Anna Silver,,-,23,20
22.0,M,-,-,1,ATS,0K,1,22,CTT,M020,P.S. 020 Anna Silver,,-,22,22
23.0,M,-,-,1,ATS,01,3,69,GEN ED,M020,P.S. 020 Anna Silver,,-,24,22
21.0,M,-,-,1,ATS,01,1,21,CTT,M020,P.S. 020 Anna Silver,,-,21,21
18.3,M,-,-,1,ATS,02,3,55,GEN ED,M020,P.S. 020 Anna Silver,,-,21,16
22.0,M,-,-,1,ATS,02,1,22,CTT,M020,P.S. 020 Anna Silver,,-,22,22
19.0,M,-,-,1,ATS,03,3,57,GEN ED,M020,P.S. 020 Anna Silver,,-,20,17
22.0,M,-,-,1,ATS,03,1,22,CTT,M020,P.S. 020 Anna Silver,,-,22,22
23.3,M,-,-,1,ATS,04,3,70,GEN ED,M020,P.S. 020 Anna Silver,,-,24,23
24.0,M,-,-,1,ATS,04,1,24,CTT,M020,P.S. 020 Anna Silver,,-,24,24
28.5,M,-,-,1,ATS,05,2,57,GEN ED,M020,P.S. 020 Anna Silver,,-,29,28
29.0,M,-,-,1,ATS,05,1,29,CTT,M020,P.S. 020 Anna Silver,,-,29,29
11.3,M,-,-,1,ATS,0K-09,3,34,SPEC ED,M020,P.S. 020 Anna Silver,,12:1:1,12,11
,M,,,1,,,,,,M020,P.S. 020 Anna Silver,13.4,,,
13.0,M,-,-,1,ATS,0K,2,26,GEN ED,M034,P.S. 034 Franklin D. Roosevelt,,-,14,12
27.0,M,-,-,1,ATS,0K,1,27,CTT,M064,P.S. 064 Robert Simon,,-,27,27
16.0,M,-,-,1,ATS,01,1,16,GEN ED,M034,P.S. 034 Franklin D. Roosevelt,,-,16,16
14.0,M,-,-,1,ATS,01,1,14,CTT,M034,P.S. 034 Franklin D. Roosevelt,,-,14,14
24.0,M,-,-,1,ATS,02,1,24,GEN ED,M034,P.S. 034 Franklin D. Roosevelt,,-,24,24
20.0,M,-,-,1,ATS,02,1,20,CTT,M034,P.S. 034 Franklin D. Roosevelt,,-,20,20
15.0,M,-,-,1,ATS,03,1,15,GEN ED,M034,P.S. 034 Franklin D. Roosevelt,,-,15,15
14.0,M,-,-,1,ATS,03,1,14,CTT,M034,P.S. 034 Franklin D. Roosevelt,,-,14,14
18.0,M,-,-,1,ATS,04,1,18,GEN ED,M034,P.S. 034 Franklin D. Roosevelt,,-,18,18
19.0,M,-,-,1,ATS,04,1,19,CTT,M034,P.S. 034 Franklin D. Roosevelt,,-,19,19
19.0,M,-,-,1,ATS,05,1,19,GEN ED,M034,P.S. 034 Franklin D. Roosevelt,,-,19,19
19.0,M,-,-,1,ATS,05,1,19,CTT,M034,P.S. 034 Franklin D. Roosevelt,,-,19,19
26.0,M,-,-,1,ATS,06,1,26,GEN ED,M034,P.S. 034 Franklin D. Roosevelt,,-,26,26
27.0,M,-,-,1,ATS,06,1,27,CTT,M034,P.S. 034 Franklin D. Roosevelt,,-,27,27
25.0,M,-,-,1,ATS,07,1,25,GEN ED,M034,P.S. 034 Franklin D. Roosevelt,,-,25,25
27.0,M,-,-,1,ATS,07,1,27,CTT,M034,P.S. 034 Franklin D. Roosevelt,,-,27,27
23.0,M,-,-,1,ATS,08,1,23,GEN ED,M034,P.S. 034 Franklin D. Roosevelt,,-,23,23
25.0,M,-,-,1,ATS,08,1,25,CTT,M034,P.S. 034 Franklin D. Roosevelt,,-,25,25
10.0,M,-,-,1,ATS,0K-09,2,20,SPEC ED,M034,P.S. 034 Franklin D. Roosevelt,,12:1,12,8
25.3,M,MS English Core,ENGLISH,1,STARS,MS Core,3,76,GEN ED,M034,P.S. 034 Franklin D. Roosevelt,,-,26,25
25.3,M,MS Math Core,MATH,1,STARS,MS Core,3,76,GEN ED,M034,P.S. 034 Franklin D. Roosevelt,,-,26,25
25.3,M,MS Science Core,SCIENCE,1,STARS,MS Core,3,76,GEN ED,M034,P.S. 034 Franklin D. Roosevelt,,-,26,25
25.3,M,MS Social Studies Core,SOCIAL STUDIES,1,STARS,MS Core,3,76,GEN ED,M034,P.S. 034 Franklin D. Roosevelt,,-,26,25
25.7,M,MS English Core,ENGLISH,1,STARS,MS Core,3,77,CTT,M034,P.S. 034 Franklin D. Roosevelt,,-,28,22
25.7,M,MS Math Core,MATH,1,STARS,MS Core,3,77,CTT,M034,P.S. 034 Franklin D. Roosevelt,,-,28,22
25.7,M,MS Science Core,SCIENCE,1,STARS,MS Core,3,77,CTT,M034,P.S. 034 Franklin D. Roosevelt,,-,28,22
25.7,M,MS Social Studies Core,SOCIAL STUDIES,1,STARS,MS Core,3,77,CTT,M034,P.S. 034 Franklin D. Roosevelt,,-,28,22
,M,,,1,,,,,,M034,P.S. 034 Franklin D. Roosevelt,9.6,,,
14.0,M,-,-,1,ATS,0K,1,14,GEN ED,M063,P.S. 063 William McKinley,,-,14,14
15.0,M,-,-,1,ATS,0K,1,15,CTT,M063,P.S. 063 William McKinley,,-,15,15
23.0,M,-,-,1,ATS,01,1,23,CTT,M063,P.S. 063 William McKinley,,-,23,23
25.0,M,-,-,1,ATS,02,1,25,CTT,M063,P.S. 063 William McKinley,,-,25,25
10.0,M,-,-,1,ATS,03,1,10,GEN ED,M063,P.S. 063 William McKinley,,-,10,10
14.0,M,-,-,1,ATS,03,1,14,CTT,M063,P.S. 063 William McKinley,,-,14,14
21.0,M,-,-,1,ATS,04,1,21,CTT,M063,P.S. 063 William McKinley,,-,21,21
17.0,M,-,-,1,ATS,05,1,17,GEN ED,M063,P.S. 063 William McKinley,,-,17,17
18.0,M,-,-,1,ATS,05,1,18,CTT,M063,P.S. 063 William McKinley,,-,18,18
7.0,M,-,-,1,ATS,0K-09,1,7,SPEC ED,M063,P.S. 063 William McKinley,,12:1:1,7,7
,M,,,1,,,,,,M063,P.S. 063 William McKinley,7.6,,,
23.0,M,-,-,1,ATS,0K,1,23,GEN ED,M064,P.S. 064 Robert Simon,,-,23,23
24.0,M,-,-,1,ATS,01,1,24,GEN ED,M064,P.S. 064 Robert Simon,,-,24,24
20.0,M,-,-,1,ATS,01,1,20,CTT,M064,P.S. 064 Robert Simon,,-,20,20
20.0,M,-,-,1,ATS,02,1,20,GEN ED,M064,P.S. 064 Robert Simon,,-,20,20
20.0,M,-,-,1,ATS,02,1,20,CTT,M064,P.S. 064 Robert Simon,,-,20,20
17.0,M,-,-,1,ATS,03,1,17,GEN ED,M064,P.S. 064 Robert Simon,,-,17,17
16.0,M,-,-,1,ATS,03,1,16,CTT,M064,P.S. 064 Robert Simon,,-,16,16
23.0,M,-,-,1,ATS,04,1,23,GEN ED,M064,P.S. 064 Robert Simon,,-,23,23
22.0,M,-,-,1,ATS,04,1,22,CTT,M064,P.S. 064 Robert Simon,,-,22,22
25.5,M,-,-,1,ATS,05,2,51,CTT,M064,P.S. 064 Robert Simon,,-,26,25
9.5,M,-,-,1,ATS,0K-09,2,19,SPEC ED,M064,P.S. 064 Robert Simon,,12:1,10,9
,M,,,1,,,,,,M064,P.S. 064 Robert Simon,9.7,,,
22.5,M,-,-,1,ATS,0K,2,45,GEN ED,M110,P.S. 110 Florence Nightingale,,-,25,20
28.0,M,-,-,1,ATS,0K,1,28,CTT,M110,P.S. 110 Florence Nightingale,,-,28,28
22.5,M,-,-,1,ATS,01,2,45,GEN ED,M110,P.S. 110 Florence Nightingale,,-,23,22
22.0,M,-,-,1,ATS,01,1,22,CTT,M110,P.S. 110 Florence Nightingale,,-,22,22
19.5,M,-,-,1,ATS,02,2,39,GEN ED,M110,P.S. 110 Florence Nightingale,,-,25,14
19.0,M,-,-,1,ATS,02,1,19,CTT,M110,P.S. 110 Florence Nightingale,,-,19,19
26.0,M,-,-,1,ATS,03,2,52,GEN ED,M110,P.S. 110 Florence Nightingale,,-,29,23
19.0,M,-,-,1,ATS,03,1,19,CTT,M110,P.S. 110 Florence Nightingale,,-,19,19
23.0,M,-,-,1,ATS,04,2,46,GEN ED,M110,P.S. 110 Florence Nightingale,,-,23,23
22.0,M,-,-,1,ATS,04,1,22,CTT,M110,P.S. 110 Florence Nightingale,,-,22,22
28.0,M,-,-,1,ATS,05,1,28,GEN ED,M110,P.S. 110 Florence Nightingale,,-,28,28
27.0,M,-,-,1,ATS,05,1,27,CTT,M110,P.S. 110 Florence Nightingale,,-,27,27
10.0,M,-,-,1,ATS,0K-09,1,10,SPEC ED,M110,P.S. 110 Florence Nightingale,,12:1:1,10,10
,M,,,1,,,,,,M110,P.S. 110 Florence Nightingale,12.5,,,
18.3,M,-,-,1,ATS,0K,3,55,GEN ED,M134,P.S. 134 Henrietta Szold,,-,19,17
18.0,M,-,-,1,ATS,01,3,54,GEN ED,M134,P.S. 134 Henrietta Szold,,-,21,14
19.5,M,-,-,1,ATS,02,2,39,GEN ED,M134,P.S. 134 Henrietta Szold,,-,20,19
21.0,M,-,-,1,ATS,02,1,21,CTT,M134,P.S. 134 Henrietta Szold,,-,21,21
18.0,M,-,-,1,ATS,03,3,54,GEN ED,M134,P.S. 134 Henrietta Szold,,-,22,15
19.5,M,-,-,1,ATS,04,2,39,GEN ED,M134,P.S. 134 Henrietta Szold,,-,20,19
27.5,M,-,-,1,ATS,05,2,55,GEN ED,M134,P.S. 134 Henrietta Szold,,-,30,25
9.0,M,-,-,1,ATS,0K-09,3,27,SPEC ED,M134,P.S. 134 Henrietta Szold,,12:1,12,7
,M,,,1,,,,,,M134,P.S. 134 Henrietta Szold,11.6,,,
21.5,M,-,-,1,ATS,0K,2,43,GEN ED,M137,P.S. 137 John L. Bernstein,,-,23,20
17.5,M,-,-,1,ATS,01,2,35,GEN ED,M137,P.S. 137 John L. Bernstein,,-,21,14
22.0,M,-,-,1,ATS,02,1,22,GEN ED,M137,P.S. 137 John L. Bernstein,,-,22,22
16.5,M,-,-,1,ATS,03,2,33,GEN ED,M137,P.S. 137 John L. Bernstein,,-,18,15
14.0,M,-,-,1,ATS,04,1,14,GEN ED,M137,P.S. 137 John L. Bernstein,,-,14,14
19.0,M,-,-,1,ATS,04,1,19,CTT,M137,P.S. 137 John L. Bernstein,,-,19,19
24.0,M,-,-,1,ATS,05,1,24,GEN ED,M137,P.S. 137 John L. Bernstein,,-,24,24
9.7,M,-,-,1,ATS,0K-09,3,29,SPEC ED,M137,P.S. 137 John L. Bernstein,,12:1:1,11,8
,M,,,1,,,,,,M137,P.S. 137 John L. Bernstein,10.9,,,
17.0,M,-,-,1,ATS,0K,2,34,GEN ED,M140,P.S. 140 Nathan Straus,,-,17,17
20.0,M,-,-,1,ATS,01,1,20,GEN ED,M140,P.S. 140 Nathan Straus,,-,20,20
22.0,M,-,-,1,ATS,02,1,22,CTT,M140,P.S. 140 Nathan Straus,,-,22,22
25.0,M,-,-,1,ATS,03,1,25,GEN ED,M140,P.S. 140 Nathan Straus,,-,25,25
14.0,M,-,-,1,ATS,04,1,14,GEN ED,M140,P.S. 140 Nathan Straus,,-,14,14
13.0,M,-,-,1,ATS,04,1,13,CTT,M140,P.S. 140 Nathan Straus,,-,13,13
31.0,M,-,-,1,ATS,05,1,31,GEN ED,M140,P.S. 140 Nathan Straus,,-,31,31
32.0,M,-,-,1,ATS,06,1,32,GEN ED,M140,P.S. 140 Nathan Straus,,-,32,32
30.0,M,-,-,1,ATS,06,1,30,CTT,M140,P.S. 140 Nathan Straus,,-,30,30
27.5,M,-,-,1,ATS,07,2,55,GEN ED,M140,P.S. 140 Nathan Straus,,-,28,27
29.5,M,-,-,1,ATS,08,2,59,GEN ED,M140,P.S. 140 Nathan Straus,,-,30,29
6.0,M,-,-,1,ATS,0K-09,1,6,SPEC ED,M140,P.S. 140 Nathan Straus,,12:1,6,6
7.3,M,-,-,1,ATS,0K-09,3,22,SPEC ED,M140,P.S. 140 Nathan Straus,,12:1:1,8,6
29.0,M,MS English Core,ENGLISH,1,STARS,MS Core,5,145,GEN ED,M140,P.S. 140 Nathan Straus,,-,32,27
29.0,M,MS Math Core,MATH,1,STARS,MS Core,5,145,GEN ED,M140,P.S. 140 Nathan Straus,,-,32,27
29.0,M,MS Science Core,SCIENCE,1,STARS,MS Core,5,145,GEN ED,M140,P.S. 140 Nathan Straus,,-,32,27
28.7,M,MS Social Studies Core,SOCIAL STUDIES,1,STARS,MS Core,3,86,GEN ED,M140,P.S. 140 Nathan Straus,,-,32,27
29.5,M,Global History & Geography,SOCIAL STUDIES,1,STARS,MS Core,2,59,GEN ED,M140,P.S. 140 Nathan Straus,,-,31,28
30.0,M,MS English Core,ENGLISH,1,STARS,MS Core,1,30,CTT,M140,P.S. 140 Nathan Straus,,-,30,30
30.0,M,MS Math Core,MATH,1,STARS,MS Core,1,30,CTT,M140,P.S. 140 Nathan Straus,,-,30,30
30.0,M,MS Science Core,SCIENCE,1,STARS,MS Core,1,30,CTT,M140,P.S. 140 Nathan Straus,,-,30,30
30.0,M,MS Social Studies Core,SOCIAL STUDIES,1,STARS,MS Core,1,30,CTT,M140,P.S. 140 Nathan Straus,,-,30,30
,M,,,1,,,,,,M140,P.S. 140 Nathan Straus,11.9,,,
21.0,M,-,-,1,ATS,0K,2,42,GEN ED,M142,P.S. 142 Amalia Castro,,-,23,19
19.0,M,-,-,1,ATS,0K,1,19,CTT,M142,P.S. 142 Amalia Castro,,-,19,19
23.0,M,-,-,1,ATS,01,2,46,GEN ED,M142,P.S. 142 Amalia Castro,,-,24,22
20.0,M,-,-,1,ATS,01,1,20,CTT,M142,P.S. 142 Amalia Castro,,-,20,20
25.0,M,-,-,1,ATS,02,1,25,GEN ED,M142,P.S. 142 Amalia Castro,,-,25,25
22.0,M,-,-,1,ATS,02,1,22,CTT,M142,P.S. 142 Amalia Castro,,-,22,22
20.5,M,-,-,1,ATS,03,2,41,GEN ED,M142,P.S. 142 Amalia Castro,,-,21,20
19.0,M,-,-,1,ATS,03,1,19,CTT,M142,P.S. 142 Amalia Castro,,-,19,19
22.5,M,-,-,1,ATS,04,2,45,GEN ED,M142,P.S. 142 Amalia Castro,,-,23,22
18.0,M,-,-,1,ATS,04,1,18,CTT,M142,P.S. 142 Amalia Castro,,-,18,18
22.5,M,-,-,1,ATS,05,2,45,GEN ED,M142,P.S. 142 Amalia Castro,,-,23,22
22.0,M,-,-,1,ATS,05,1,22,CTT,M142,P.S. 142 Amalia Castro,,-,22,22
10.0,M,-,-,1,ATS,0K-09,2,20,SPEC ED,M142,P.S. 142 Amalia Castro,,12:1,11,9
12.0,M,-,-,1,ATS,0K-09,1,12,SPEC ED,M142,P.S. 142 Amalia Castro,,12:1:1,12,12
,M,,,1,,,,,,M142,P.S. 142 Amalia Castro,12.3,,,
25.7,M,-,-,1,ATS,0K,3,77,GEN ED,M184,P.S. 184m Shuang Wen,,-,26,25
23.0,M,-,-,1,ATS,0K,1,23,CTT,M184,P.S. 184m Shuang Wen,,-,23,23
24.7,M,-,-,1,ATS,01,3,74,GEN ED,M184,P.S. 184m Shuang Wen,,-,25,24
22.0,M,-,-,1,ATS,01,1,22,CTT,M184,P.S. 184m Shuang Wen,,-,22,22
24.7,M,-,-,1,ATS,02,3,74,GEN ED,M184,P.S. 184m Shuang Wen,,-,25,24
22.0,M,-,-,1,ATS,03,3,66,GEN ED,M184,P.S. 184m Shuang Wen,,-,22,22
24.3,M,-,-,1,ATS,04,3,73,GEN ED,M184,P.S. 184m Shuang Wen,,-,25,24
34.0,M,-,-,1,ATS,05,2,68,GEN ED,M184,P.S. 184m Shuang Wen,,-,34,34
28.5,M,-,-,1,ATS,06,2,57,GEN ED,M184,P.S. 184m Shuang Wen,,-,29,28
26.5,M,-,-,1,ATS,07,2,53,GEN ED,M184,P.S. 184m Shuang Wen,,-,27,26
27.0,M,-,-,1,ATS,08,2,54,GEN ED,M184,P.S. 184m Shuang Wen,,-,28,26
27.3,M,MS English Core,ENGLISH,1,STARS,MS Core,6,164,GEN ED,M184,P.S. 184m Shuang Wen,,-,29,26
24.2,M,MS Math Core,MATH,1,STARS,MS Core,5,121,GEN ED,M184,P.S. 184m Shuang Wen,,-,29,11
18.0,M,Integrated Algebra,MATH,1,STARS,MS Core,2,36,GEN ED,M184,P.S. 184m Shuang Wen,,-,21,15
27.4,M,MS Science Core,SCIENCE,1,STARS,MS Core,5,137,GEN ED,M184,P.S. 184m Shuang Wen,,-,29,26
27.0,M,Living Environment,SCIENCE,1,STARS,MS Core,1,27,GEN ED,M184,P.S. 184m Shuang Wen,,-,27,27
27.6,M,MS Social Studies Core,SOCIAL STUDIES,1,STARS,MS Core,5,138,GEN ED,M184,P.S. 184m Shuang Wen,,-,29,26
26.0,M,Participation in Government,SOCIAL STUDIES,1,STARS,MS Core,1,26,GEN ED,M184,P.S. 184m Shuang Wen,,-,26,26
,M,,,1,,,,,,M184,P.S. 184m Shuang Wen,15.5,,,
22.0,M,-,-,1,ATS,0K,1,22,GEN ED,M188,P.S. 188 The Island School,,-,22,22
19.0,M,-,-,1,ATS,01,1,19,GEN ED,M188,P.S. 188 The Island School,,-,19,19
20.0,M,-,-,1,ATS,02,1,20,GEN ED,M188,P.S. 188 The Island School,,-,20,20
25.0,M,-,-,1,ATS,03,1,25,GEN ED,M188,P.S. 188 The Island School,,-,25,25
24.0,M,-,-,1,ATS,04,1,24,CTT,M188,P.S. 188 The Island School,,-,24,24
26.0,M,-,-,1,ATS,05,1,26,GEN ED,M188,P.S. 188 The Island School,,-,26,26
25.0,M,-,-,1,ATS,05,1,25,CTT,M188,P.S. 188 The Island School,,-,25,25
25.0,M,-,-,1,ATS,06,1,25,GEN ED,M188,P.S. 188 The Island School,,-,25,25
22.0,M,-,-,1,ATS,06,1,22,CTT,M188,P.S. 188 The Island School,,-,22,22
23.0,M,-,-,1,ATS,07,1,23,GEN ED,M188,P.S. 188 The Island School,,-,23,23
26.0,M,-,-,1,ATS,07,1,26,CTT,M188,P.S. 188 The Island School,,-,26,26
23.0,M,-,-,1,ATS,08,1,23,GEN ED,M188,P.S. 188 The Island School,,-,23,23
26.0,M,-,-,1,ATS,08,1,26,CTT,M188,P.S. 188 The Island School,,-,26,26
11.0,M,-,-,1,ATS,0K-09,1,11,SPEC ED,M188,P.S. 188 The Island School,,12:1:1,11,11
22.3,M,MS English Core,ENGLISH,1,STARS,MS Core,3,67,GEN ED,M188,P.S. 188 The Island School,,-,24,21
22.3,M,MS Math Core,MATH,1,STARS,MS Core,3,67,GEN ED,M188,P.S. 188 The Island School,,-,24,21
22.3,M,MS Science Core,SCIENCE,1,STARS,MS Core,3,67,GEN ED,M188,P.S. 188 The Island School,,-,24,21
,M,,,1,,,,,,M361,The Children's Workshop School,11.5,,,
22.3,M,MS Social Studies Core,SOCIAL STUDIES,1,STARS,MS Core,3,67,GEN ED,M188,P.S. 188 The Island School,,-,24,21
23.7,M,MS English Core,ENGLISH,1,STARS,MS Core,3,71,CTT,M188,P.S. 188 The Island School,,-,26,21
23.7,M,MS Math Core,MATH,1,STARS,MS Core,3,71,CTT,M188,P.S. 188 The Island School,,-,26,21
23.7,M,MS Science Core,SCIENCE,1,STARS,MS Core,3,71,CTT,M188,P.S. 188 The Island School,,-,26,21
23.7,M,MS Social Studies Core,SOCIAL STUDIES,1,STARS,MS Core,3,71,CTT,M188,P.S. 188 The Island School,,-,26,21
13.0,M,MS English Core,ENGLISH,1,STARS,MS Core,1,13,SPEC ED,M188,P.S. 188 The Island School,,-,13,13
13.0,M,MS Math Core,MATH,1,STARS,MS Core,1,13,SPEC ED,M188,P.S. 188 The Island School,,-,13,13
13.0,M,MS Science Core,SCIENCE,1,STARS,MS Core,1,13,SPEC ED,M188,P.S. 188 The Island School,,-,13,13
13.0,M,MS Social Studies Core,SOCIAL STUDIES,1,STARS,MS Core,1,13,SPEC ED,M188,P.S. 188 The Island School,,-,13,13
,M,,,1,,,,,,M188,P.S. 188 The Island School,10.9,,,
21.0,M,-,-,1,ATS,06,1,21,CTT,M292,Henry Street School for International Studies,,-,21,21
20.0,M,-,-,1,ATS,07,1,20,GEN ED,M292,Henry Street School for International Studies,,-,20,20
19.0,M,-,-,1,ATS,07,1,19,CTT,M292,Henry Street School for International Studies,,-,19,19
23.5,M,-,-,1,ATS,08,2,47,GEN ED,M292,Henry Street School for International Studies,,-,24,23
6.0,M,-,-,1,ATS,0K-09,1,6,SPEC ED,M292,Henry Street School for International Studies,,12:1,6,6
7.0,M,-,-,1,ATS,0K-09,1,7,SPEC ED,M292,Henry Street School for International Studies,,12:1:1,7,7
21.3,M,MS English Core,ENGLISH,1,STARS,MS Core,4,85,GEN ED,M292,Henry Street School for International Studies,,-,24,19
19.5,M,MS Math Core,MATH,1,STARS,MS Core,2,39,GEN ED,M292,Henry Street School for International Studies,,-,20,19
22.5,M,Integrated Algebra,MATH,1,STARS,MS Core,2,45,GEN ED,M292,Henry Street School for International Studies,,-,24,21
19.5,M,MS Science Core,SCIENCE,1,STARS,MS Core,2,39,GEN ED,M292,Henry Street School for International Studies,,-,20,19
23.0,M,Living Environment,SCIENCE,1,STARS,MS Core,2,46,GEN ED,M292,Henry Street School for International Studies,,-,24,22
20.3,M,MS Social Studies Core,SOCIAL STUDIES,1,STARS,MS Core,3,61,GEN ED,M292,Henry Street School for International Studies,,-,22,19
18.0,M,US History & Government,SOCIAL STUDIES,1,STARS,MS Core,2,36,GEN ED,M292,Henry Street School for International Studies,,-,24,12
21.0,M,MS English Core,ENGLISH,1,STARS,MS Core,1,21,CTT,M292,Henry Street School for International Studies,,-,21,21
21.0,M,MS Math Core,MATH,1,STARS,MS Core,1,21,CTT,M292,Henry Street School for International Studies,,-,21,21
21.0,M,MS Science Core,SCIENCE,1,STARS,MS Core,1,21,CTT,M292,Henry Street School for International Studies,,-,21,21
21.0,M,MS Social Studies Core,SOCIAL STUDIES,1,STARS,MS Core,1,21,CTT,M292,Henry Street School for International Studies,,-,21,21
7.0,M,MS English Core,ENGLISH,1,STARS,MS Core,1,7,SPEC ED,M292,Henry Street School for International Studies,,-,7,7
21.0,M,English 9,ENGLISH,1,STARS,09-12,3,63,GEN ED,M292,Henry Street School for International Studies,,-,25,19
26.3,M,English 10,ENGLISH,1,STARS,09-12,3,79,GEN ED,M292,Henry Street School for International Studies,,-,31,24
19.0,M,English 11,ENGLISH,1,STARS,09-12,2,38,GEN ED,M292,Henry Street School for International Studies,,-,22,16
23.0,M,English 12,ENGLISH,1,STARS,09-12,3,69,GEN ED,M292,Henry Street School for International Studies,,-,30,13
17.7,M,Integrated Algebra,MATH,1,STARS,09-12,3,53,GEN ED,M292,Henry Street School for International Studies,,-,21,16
15.0,M,-,-,1,ATS,0K,3,45,GEN ED,M363,Neighborhood School,,-,22,11
32.0,M,Geometry,MATH,1,STARS,09-12,1,32,GEN ED,M292,Henry Street School for International Studies,,-,32,32
19.7,M,Other Math,MATH,1,STARS,09-12,6,118,GEN ED,M292,Henry Street School for International Studies,,-,27,13
31.3,M,Earth Science,SCIENCE,1,STARS,09-12,4,125,GEN ED,M292,Henry Street School for International Studies,,-,35,28
29.0,M,Living Environment,SCIENCE,1,STARS,09-12,2,58,GEN ED,M292,Henry Street School for International Studies,,-,29,29
19.6,M,Chemistry,SCIENCE,1,STARS,09-12,8,157,GEN ED,M292,Henry Street School for International Studies,,-,24,13
13.0,M,Physics,SCIENCE,1,STARS,09-12,1,13,GEN ED,M292,Henry Street School for International Studies,,-,13,13
21.3,M,Other Science,SCIENCE,1,STARS,09-12,4,85,GEN ED,M292,Henry Street School for International Studies,,-,24,18
22.3,M,Global History & Geography,SOCIAL STUDIES,1,STARS,09-12,7,156,GEN ED,M292,Henry Street School for International Studies,,-,31,10
20.7,M,US History & Government,SOCIAL STUDIES,1,STARS,09-12,9,186,GEN ED,M292,Henry Street School for International Studies,,-,28,15
30.0,M,English 9,ENGLISH,1,STARS,09-12,1,30,CTT,M292,Henry Street School for International Studies,,-,30,30
27.0,M,English 11,ENGLISH,1,STARS,09-12,1,27,CTT,M292,Henry Street School for International Studies,,-,27,27
22.0,M,Integrated Algebra,MATH,1,STARS,09-12,2,44,CTT,M292,Henry Street School for International Studies,,-,24,20
31.0,M,Geometry,MATH,1,STARS,09-12,1,31,CTT,M292,Henry Street School for International Studies,,-,31,31
32.0,M,Earth Science,SCIENCE,1,STARS,09-12,2,64,CTT,M292,Henry Street School for International Studies,,-,32,32
28.0,M,Living Environment,SCIENCE,1,STARS,09-12,4,112,CTT,M292,Henry Street School for International Studies,,-,29,27
25.0,M,Global History & Geography,SOCIAL STUDIES,1,STARS,09-12,1,25,CTT,M292,Henry Street School for International Studies,,-,25,25
20.3,M,US History & Government,SOCIAL STUDIES,1,STARS,09-12,3,61,CTT,M292,Henry Street School for International Studies,,-,29,13
15.0,M,English 9,ENGLISH,1,STARS,09-12,1,15,SPEC ED,M292,Henry Street School for International Studies,,-,15,15
15.0,M,Integrated Algebra,MATH,1,STARS,09-12,1,15,SPEC ED,M292,Henry Street School for International Studies,,-,15,15
15.0,M,Living Environment,SCIENCE,1,STARS,09-12,2,30,SPEC ED,M292,Henry Street School for International Studies,,-,15,15
14.0,M,Global History & Geography,SOCIAL STUDIES,1,STARS,09-12,1,14,SPEC ED,M292,Henry Street School for International Studies,,-,14,14
,M,,,1,,,,,,M292,Henry Street School for International Studies,12.0,,,
26.0,M,-,-,1,ATS,06,1,26,GEN ED,M301,"Technology, Arts, and Sciences Studio",,-,26,26
23.0,M,-,-,1,ATS,06,1,23,CTT,M301,"Technology, Arts, and Sciences Studio",,-,23,23
16.5,M,-,-,1,ATS,07,2,33,GEN ED,M301,"Technology, Arts, and Sciences Studio",,-,17,16
26.5,M,-,-,1,ATS,08,2,53,GEN ED,M301,"Technology, Arts, and Sciences Studio",,-,27,26
26.0,M,-,-,1,ATS,08,1,26,CTT,M301,"Technology, Arts, and Sciences Studio",,-,26,26
8.3,M,-,-,1,ATS,0K-09,3,25,SPEC ED,M301,"Technology, Arts, and Sciences Studio",,12:1,13,2
22.6,M,MS English Core,ENGLISH,1,STARS,MS Core,5,113,GEN ED,M301,"Technology, Arts, and Sciences Studio",,-,27,15
22.6,M,MS Math Core,MATH,1,STARS,MS Core,5,113,GEN ED,M301,"Technology, Arts, and Sciences Studio",,-,27,15
22.6,M,MS Science Core,SCIENCE,1,STARS,MS Core,5,113,GEN ED,M301,"Technology, Arts, and Sciences Studio",,-,27,15
22.6,M,MS Social Studies Core,SOCIAL STUDIES,1,STARS,MS Core,5,113,GEN ED,M301,"Technology, Arts, and Sciences Studio",,-,27,15
23.0,M,MS English Core,ENGLISH,1,STARS,MS Core,2,46,CTT,M301,"Technology, Arts, and Sciences Studio",,-,25,21
23.0,M,MS Math Core,MATH,1,STARS,MS Core,2,46,CTT,M301,"Technology, Arts, and Sciences Studio",,-,25,21
23.0,M,MS Science Core,SCIENCE,1,STARS,MS Core,2,46,CTT,M301,"Technology, Arts, and Sciences Studio",,-,25,21
23.0,M,MS Social Studies Core,SOCIAL STUDIES,1,STARS,MS Core,2,46,CTT,M301,"Technology, Arts, and Sciences Studio",,-,25,21
12.0,M,MS English Core,ENGLISH,1,STARS,MS Core,1,12,SPEC ED,M301,"Technology, Arts, and Sciences Studio",,-,12,12
12.0,M,MS Math Core,MATH,1,STARS,MS Core,1,12,SPEC ED,M301,"Technology, Arts, and Sciences Studio",,-,12,12
12.0,M,MS Science Core,SCIENCE,1,STARS,MS Core,1,12,SPEC ED,M301,"Technology, Arts, and Sciences Studio",,-,12,12
12.0,M,MS Social Studies Core,SOCIAL STUDIES,1,STARS,MS Core,1,12,SPEC ED,M301,"Technology, Arts, and Sciences Studio",,-,12,12
,M,,,1,,,,,,M301,"Technology, Arts, and Sciences Studio",10.5,,,
14.0,M,-,-,1,ATS,0K,1,14,GEN ED,M315,The East Village Community School,,-,14,14
20.0,M,-,-,1,ATS,0K,1,20,CTT,M315,The East Village Community School,,-,20,20
22.0,M,-,-,1,ATS,01,1,22,GEN ED,M315,The East Village Community School,,-,22,22
24.0,M,-,-,1,ATS,01,1,24,CTT,M315,The East Village Community School,,-,24,24
12.0,M,-,-,1,ATS,02,2,24,CTT,M315,The East Village Community School,,-,15,9
17.0,M,-,-,1,ATS,03,1,17,GEN ED,M315,The East Village Community School,,-,17,17
12.0,M,-,-,1,ATS,03,1,12,CTT,M315,The East Village Community School,,-,12,12
14.0,M,-,-,1,ATS,04,1,14,GEN ED,M315,The East Village Community School,,-,14,14
8.0,M,-,-,1,ATS,04,1,8,CTT,M315,The East Village Community School,,-,8,8
12.0,M,-,-,1,ATS,05,1,12,CTT,M315,The East Village Community School,,-,12,12
8.0,M,-,-,1,ATS,0K-09,1,8,SPEC ED,M315,The East Village Community School,,12:1:1,8,8
,M,,,1,,,,,,M315,The East Village Community School,9.6,,,
24.0,M,-,-,1,ATS,06,1,24,GEN ED,M332,University Neighborhood Middle School,,-,24,24
23.0,M,-,-,1,ATS,07,1,23,CTT,M332,University Neighborhood Middle School,,-,23,23
26.5,M,-,-,1,ATS,08,2,53,GEN ED,M332,University Neighborhood Middle School,,-,29,24
10.0,M,-,-,1,ATS,0K-09,1,10,SPEC ED,M332,University Neighborhood Middle School,,12:1,10,10
11.0,M,-,-,1,ATS,0K-09,1,11,SPEC ED,M332,University Neighborhood Middle School,,12:1:1,11,11
24.0,M,MS Math Core,MATH,1,STARS,MS Core,3,72,GEN ED,M332,University Neighborhood Middle School,,-,27,22
24.0,M,MS Science Core,SCIENCE,1,STARS,MS Core,3,72,GEN ED,M332,University Neighborhood Middle School,,-,27,22
22.0,M,MS Math Core,MATH,1,STARS,MS Core,1,22,CTT,M332,University Neighborhood Middle School,,-,22,22
22.0,M,MS Science Core,SCIENCE,1,STARS,MS Core,1,22,CTT,M332,University Neighborhood Middle School,,-,22,22
11.0,M,MS Math Core,MATH,1,STARS,MS Core,2,22,SPEC ED,M332,University Neighborhood Middle School,,-,12,10
11.0,M,MS Science Core,SCIENCE,1,STARS,MS Core,2,22,SPEC ED,M332,University Neighborhood Middle School,,-,12,10
20.0,M,MS English Core,ENGLISH,1,STARS,09-12,1,20,GEN ED,M332,University Neighborhood Middle School,,-,20,20
24.0,M,Other English,ENGLISH,1,STARS,09-12,3,72,GEN ED,M332,University Neighborhood Middle School,,-,27,22
22.0,M,MS English Core,ENGLISH,1,STARS,09-12,1,22,CTT,M332,University Neighborhood Middle School,,-,22,22
22.0,M,Other English,ENGLISH,1,STARS,09-12,1,22,CTT,M332,University Neighborhood Middle School,,-,22,22
10.5,M,MS English Core,ENGLISH,1,STARS,09-12,2,21,SPEC ED,M332,University Neighborhood Middle School,,-,11,10
11.0,M,Other English,ENGLISH,1,STARS,09-12,2,22,SPEC ED,M332,University Neighborhood Middle School,,-,12,10
,M,,,1,,,,,,M332,University Neighborhood Middle School,8.2,,,
28.0,M,-,-,1,ATS,06,2,56,GEN ED,M345,"Collaborative Academy of Science, Technology, & Language-Arts Education",,-,28,28
24.0,M,-,-,1,ATS,06,1,24,CTT,M345,"Collaborative Academy of Science, Technology, & Language-Arts Education",,-,24,24
23.5,M,-,-,1,ATS,07,2,47,GEN ED,M345,"Collaborative Academy of Science, Technology, & Language-Arts Education",,-,26,21
23.0,M,-,-,1,ATS,07,1,23,CTT,M345,"Collaborative Academy of Science, Technology, & Language-Arts Education",,-,23,23
29.0,M,-,-,1,ATS,08,2,58,GEN ED,M345,"Collaborative Academy of Science, Technology, & Language-Arts Education",,-,30,28
29.0,M,-,-,1,ATS,08,1,29,CTT,M345,"Collaborative Academy of Science, Technology, & Language-Arts Education",,-,29,29
10.5,M,-,-,1,ATS,0K-09,2,21,SPEC ED,M345,"Collaborative Academy of Science, Technology, & Language-Arts Education",,12:1:1,12,9
26.8,M,MS English Core,ENGLISH,1,STARS,MS Core,6,161,GEN ED,M345,"Collaborative Academy of Science, Technology, & Language-Arts Education",,-,30,22
26.2,M,MS Math Core,MATH,1,STARS,MS Core,5,131,GEN ED,M345,"Collaborative Academy of Science, Technology, & Language-Arts Education",,-,28,22
30.0,M,Integrated Algebra,MATH,1,STARS,MS Core,1,30,GEN ED,M345,"Collaborative Academy of Science, Technology, & Language-Arts Education",,-,30,30
26.2,M,MS Science Core,SCIENCE,1,STARS,MS Core,5,131,GEN ED,M345,"Collaborative Academy of Science, Technology, & Language-Arts Education",,-,28,22
30.0,M,Living Environment,SCIENCE,1,STARS,MS Core,1,30,GEN ED,M345,"Collaborative Academy of Science, Technology, & Language-Arts Education",,-,30,30
26.8,M,MS Social Studies Core,SOCIAL STUDIES,1,STARS,MS Core,6,161,GEN ED,M345,"Collaborative Academy of Science, Technology, & Language-Arts Education",,-,30,22
25.3,M,MS English Core,ENGLISH,1,STARS,MS Core,3,76,CTT,M345,"Collaborative Academy of Science, Technology, & Language-Arts Education",,-,29,22
25.3,M,MS Math Core,MATH,1,STARS,MS Core,3,76,CTT,M345,"Collaborative Academy of Science, Technology, & Language-Arts Education",,-,29,22
25.3,M,MS Science Core,SCIENCE,1,STARS,MS Core,3,76,CTT,M345,"Collaborative Academy of Science, Technology, & Language-Arts Education",,-,29,22
25.3,M,MS Social Studies Core,SOCIAL STUDIES,1,STARS,MS Core,3,76,CTT,M345,"Collaborative Academy of Science, Technology, & Language-Arts Education",,-,29,22
10.0,M,MS English Core,ENGLISH,1,STARS,MS Core,2,20,SPEC ED,M345,"Collaborative Academy of Science, Technology, & Language-Arts Education",,-,11,9
10.0,M,MS Math Core,MATH,1,STARS,MS Core,2,20,SPEC ED,M345,"Collaborative Academy of Science, Technology, & Language-Arts Education",,-,11,9
10.0,M,MS Science Core,SCIENCE,1,STARS,MS Core,2,20,SPEC ED,M345,"Collaborative Academy of Science, Technology, & Language-Arts Education",,-,11,9
10.0,M,MS Social Studies Core,SOCIAL STUDIES,1,STARS,MS Core,2,20,SPEC ED,M345,"Collaborative Academy of Science, Technology, & Language-Arts Education",,-,11,9
,M,,,1,,,,,,M345,"Collaborative Academy of Science, Technology, & Language-Arts Education",11.5,,,
21.5,M,-,-,1,ATS,0K,2,43,GEN ED,M361,The Children's Workshop School,,-,22,21
14.3,M,-,-,1,ATS,01,3,43,GEN ED,M361,The Children's Workshop School,,-,23,9
14.3,M,-,-,1,ATS,02,3,43,GEN ED,M361,The Children's Workshop School,,-,19,10
6.7,M,-,-,1,ATS,03,3,20,GEN ED,M361,The Children's Workshop School,,-,9,5
9.3,M,-,-,1,ATS,04,3,28,GEN ED,M361,The Children's Workshop School,,-,11,8
34.0,M,-,-,1,ATS,05,1,34,CTT,M361,The Children's Workshop School,,-,34,34
7.0,M,-,-,1,ATS,0K-09,1,7,SPEC ED,M361,The Children's Workshop School,,12:1,7,7
8.0,M,-,-,1,ATS,0K-09,1,8,SPEC ED,M361,The Children's Workshop School,,12:1:1,8,8
12.7,M,-,-,1,ATS,01,3,38,GEN ED,M363,Neighborhood School,,-,14,11
12.0,M,-,-,1,ATS,01,1,12,CTT,M363,Neighborhood School,,-,12,12
12.3,M,-,-,1,ATS,02,3,37,GEN ED,M363,Neighborhood School,,-,14,11
13.0,M,-,-,1,ATS,02,1,13,CTT,M363,Neighborhood School,,-,13,13
20.0,M,-,-,1,ATS,03,2,40,GEN ED,M363,Neighborhood School,,-,20,20
11.7,M,-,-,1,ATS,04,3,35,GEN ED,M363,Neighborhood School,,-,14,10
13.0,M,-,-,1,ATS,04,1,13,CTT,M363,Neighborhood School,,-,13,13
13.7,M,-,-,1,ATS,05,3,41,GEN ED,M363,Neighborhood School,,-,15,13
12.0,M,-,-,1,ATS,05,1,12,CTT,M363,Neighborhood School,,-,12,12
4.7,M,-,-,1,ATS,0K-09,3,14,SPEC ED,M363,Neighborhood School,,12:1:1,7,3
,M,,,1,,,,,,M363,Neighborhood School,13.3,,,
20.0,M,-,-,1,ATS,0K,3,60,GEN ED,M364,Earth School,,-,21,19
21.5,M,-,-,1,ATS,03,2,43,GEN ED,M364,Earth School,,-,22,21
9.5,M,-,-,1,ATS,0K-09,2,19,SPEC ED,M364,Earth School,,12:1:1,10,9
,M,,,1,,,,,,M364,Earth School,13.7,,,
25.0,M,-,-,1,ATS,06,3,75,GEN ED,M378,School for Global Leaders,,-,26,24
23.0,M,-,-,1,ATS,06,1,23,CTT,M378,School for Global Leaders,,-,23,23
22.0,M,-,-,1,ATS,07,3,66,GEN ED,M378,School for Global Leaders,,-,24,19
22.0,M,-,-,1,ATS,08,3,66,GEN ED,M378,School for Global Leaders,,-,24,19
12.0,M,-,-,1,ATS,0K-09,1,12,SPEC ED,M378,School for Global Leaders,,12:1,12,12
10.0,M,-,-,1,ATS,0K-09,2,20,SPEC ED,M378,School for Global Leaders,,12:1:1,10,10
33.0,M,Integrated Algebra,MATH,1,STARS,MS Core,1,33,GEN ED,M378,School for Global Leaders,,-,33,33
33.0,M,Integrated Algebra,MATH,1,STARS,09-12,1,33,GEN ED,M378,School for Global Leaders,,-,33,33
,M,,,1,,,,,,M378,School for Global Leaders,13.5,,,
17.7,M,English 9,ENGLISH,1,STARS,09-12,3,53,GEN ED,M448,University Neighborhood High School,,-,27,13
16.6,M,English 10,ENGLISH,1,STARS,09-12,5,83,GEN ED,M448,University Neighborhood High School,,-,26,10
21.3,M,English 11,ENGLISH,1,STARS,09-12,4,85,GEN ED,M448,University Neighborhood High School,,-,26,16
20.3,M,English 12,ENGLISH,1,STARS,09-12,6,122,GEN ED,M448,University Neighborhood High School,,-,29,13
23.7,M,Integrated Algebra,MATH,1,STARS,09-12,6,142,GEN ED,M448,University Neighborhood High School,,-,31,17
18.0,M,Geometry,MATH,1,STARS,09-12,1,18,GEN ED,M448,University Neighborhood High School,,-,18,18
25.0,M,Trigonometry,MATH,1,STARS,09-12,7,175,GEN ED,M448,University Neighborhood High School,,-,29,19
25.0,M,Other Math,MATH,1,STARS,09-12,1,25,GEN ED,M448,University Neighborhood High School,,-,25,25
19.0,M,Earth Science,SCIENCE,1,STARS,09-12,2,38,GEN ED,M448,University Neighborhood High School,,-,19,19
26.4,M,Living Environment,SCIENCE,1,STARS,09-12,10,264,GEN ED,M448,University Neighborhood High School,,-,32,24
27.0,M,Chemistry,SCIENCE,1,STARS,09-12,4,108,GEN ED,M448,University Neighborhood High School,,-,31,23
23.0,M,Physics,SCIENCE,1,STARS,09-12,2,46,GEN ED,M448,University Neighborhood High School,,-,23,23
29.0,M,Other Science,SCIENCE,1,STARS,09-12,2,58,GEN ED,M448,University Neighborhood High School,,-,29,29
19.8,M,Global History & Geography,SOCIAL STUDIES,1,STARS,09-12,14,277,GEN ED,M448,University Neighborhood High School,,-,27,12
21.6,M,US History & Government,SOCIAL STUDIES,1,STARS,09-12,5,108,GEN ED,M448,University Neighborhood High School,,-,32,15
22.3,M,Participation in Government,SOCIAL STUDIES,1,STARS,09-12,4,89,GEN ED,M448,University Neighborhood High School,,-,29,16
25.0,M,English 9,ENGLISH,1,STARS,09-12,1,25,CTT,M448,University Neighborhood High School,,-,25,25
28.0,M,English 10,ENGLISH,1,STARS,09-12,1,28,CTT,M448,University Neighborhood High School,,-,28,28
25.7,M,Integrated Algebra,MATH,1,STARS,09-12,3,77,CTT,M448,University Neighborhood High School,,-,32,21
25.5,M,Earth Science,SCIENCE,1,STARS,09-12,4,102,CTT,M448,University Neighborhood High School,,-,28,23
25.3,M,Living Environment,SCIENCE,1,STARS,09-12,12,303,CTT,M448,University Neighborhood High School,,-,29,22
24.5,M,Chemistry,SCIENCE,1,STARS,09-12,4,98,CTT,M448,University Neighborhood High School,,-,31,18
27.0,M,Other Science,SCIENCE,1,STARS,09-12,3,81,CTT,M448,University Neighborhood High School,,-,29,23
27.1,M,Global History & Geography,SOCIAL STUDIES,1,STARS,09-12,8,217,CTT,M448,University Neighborhood High School,,-,33,21
25.0,M,US History & Government,SOCIAL STUDIES,1,STARS,09-12,2,50,CTT,M448,University Neighborhood High School,,-,30,20
30.0,M,Participation in Government,SOCIAL STUDIES,1,STARS,09-12,1,30,CTT,M448,University Neighborhood High School,,-,30,30
,M,,,1,,,,,,M448,University Neighborhood High School,12.6,,,
9.7,M,-,-,1,ATS,06,6,58,GEN ED,M450,East Side Community School,,-,12,8
,M,,,4,,,,,,M037,River East Elementary,9.8,,,
5.0,M,-,-,1,ATS,06,1,5,CTT,M450,East Side Community School,,-,5,5
9.2,M,-,-,1,ATS,07,5,46,GEN ED,M450,East Side Community School,,-,11,7
8.0,M,-,-,1,ATS,07,2,16,CTT,M450,East Side Community School,,-,11,5
8.4,M,-,-,1,ATS,08,5,42,GEN ED,M450,East Side Community School,,-,10,6
10.0,M,-,-,1,ATS,08,2,20,CTT,M450,East Side Community School,,-,10,10
9.0,M,-,-,1,ATS,0K-09,1,9,SPEC ED,M450,East Side Community School,,12:1,9,9
5.0,M,-,-,1,ATS,0K-09,1,5,SPEC ED,M450,East Side Community School,,12:1:1,5,5
16.9,M,MS Math Core,MATH,1,STARS,MS Core,7,118,GEN ED,M450,East Side Community School,,-,19,15
16.2,M,MS Science Core,SCIENCE,1,STARS,MS Core,6,97,GEN ED,M450,East Side Community School,,-,18,12
16.2,M,MS Social Studies Core,SOCIAL STUDIES,1,STARS,MS Core,5,81,GEN ED,M450,East Side Community School,,-,17,15
17.0,M,MS Math Core,MATH,1,STARS,MS Core,5,85,CTT,M450,East Side Community School,,-,18,16
17.0,M,MS Science Core,SCIENCE,1,STARS,MS Core,6,102,CTT,M450,East Side Community School,,-,20,14
15.7,M,MS Social Studies Core,SOCIAL STUDIES,1,STARS,MS Core,3,47,CTT,M450,East Side Community School,,-,16,15
25.5,M,English 9,ENGLISH,1,STARS,09-12,2,51,GEN ED,M450,East Side Community School,,-,28,23
22.0,M,English 10,ENGLISH,1,STARS,09-12,3,66,GEN ED,M450,East Side Community School,,-,23,20
19.8,M,English 11,ENGLISH,1,STARS,09-12,4,79,GEN ED,M450,East Side Community School,,-,22,19
17.5,M,English 12,ENGLISH,1,STARS,09-12,2,35,GEN ED,M450,East Side Community School,,-,18,17
17.0,M,Other English,ENGLISH,1,STARS,09-12,3,51,GEN ED,M450,East Side Community School,,-,22,11
24.0,M,Integrated Algebra,MATH,1,STARS,09-12,2,48,GEN ED,M450,East Side Community School,,-,25,23
21.0,M,Geometry,MATH,1,STARS,09-12,1,21,GEN ED,M450,East Side Community School,,-,21,21
20.0,M,Trigonometry,MATH,1,STARS,09-12,1,20,GEN ED,M450,East Side Community School,,-,20,20
22.7,M,Other Math,MATH,1,STARS,09-12,3,68,GEN ED,M450,East Side Community School,,-,26,17
23.5,M,Chemistry,SCIENCE,1,STARS,09-12,2,47,GEN ED,M450,East Side Community School,,-,24,23
23.0,M,Physics,SCIENCE,1,STARS,09-12,4,92,GEN ED,M450,East Side Community School,,-,24,22
19.0,M,Other Science,SCIENCE,1,STARS,09-12,4,76,GEN ED,M450,East Side Community School,,-,21,17
21.7,M,Global History & Geography,SOCIAL STUDIES,1,STARS,09-12,6,130,GEN ED,M450,East Side Community School,,-,27,17
19.3,M,US History & Government,SOCIAL STUDIES,1,STARS,09-12,3,58,GEN ED,M450,East Side Community School,,-,20,19
22.0,M,Participation in Government,SOCIAL STUDIES,1,STARS,09-12,1,22,GEN ED,M450,East Side Community School,,-,22,22
24.0,M,English 9,ENGLISH,1,STARS,09-12,2,48,CTT,M450,East Side Community School,,-,26,22
24.0,M,English 10,ENGLISH,1,STARS,09-12,1,24,CTT,M450,East Side Community School,,-,24,24
21.0,M,English 11,ENGLISH,1,STARS,09-12,1,21,CTT,M450,East Side Community School,,-,21,21
21.0,M,English 12,ENGLISH,1,STARS,09-12,2,42,CTT,M450,East Side Community School,,-,21,21
22.0,M,Integrated Algebra,MATH,1,STARS,09-12,2,44,CTT,M450,East Side Community School,,-,25,19
24.0,M,Geometry,MATH,1,STARS,09-12,3,72,CTT,M450,East Side Community School,,-,25,23
22.3,M,Trigonometry,MATH,1,STARS,09-12,3,67,CTT,M450,East Side Community School,,-,23,21
26.0,M,Other Math,MATH,1,STARS,09-12,1,26,CTT,M450,East Side Community School,,-,26,26
21.0,M,Chemistry,SCIENCE,1,STARS,09-12,2,42,CTT,M450,East Side Community School,,-,22,20
23.0,M,Other Science,SCIENCE,1,STARS,09-12,4,92,CTT,M450,East Side Community School,,-,25,20
25.5,M,Global History & Geography,SOCIAL STUDIES,1,STARS,09-12,2,51,CTT,M450,East Side Community School,,-,26,25
20.5,M,US History & Government,SOCIAL STUDIES,1,STARS,09-12,2,41,CTT,M450,East Side Community School,,-,21,20
21.7,M,Participation in Government,SOCIAL STUDIES,1,STARS,09-12,3,65,CTT,M450,East Side Community School,,-,23,20
,M,,,1,,,,,,M450,East Side Community School,13.7,,,
25.0,M,Other English,ENGLISH,1,STARS,09-12,1,25,GEN ED,M458,Forsyth Satellite Academy,,-,25,25
28.0,M,Geometry,MATH,1,STARS,09-12,2,56,GEN ED,M458,Forsyth Satellite Academy,,-,30,26
25.0,M,Trigonometry,MATH,1,STARS,09-12,1,25,GEN ED,M458,Forsyth Satellite Academy,,-,25,25
15.0,M,Math A,MATH,1,STARS,09-12,1,15,GEN ED,M458,Forsyth Satellite Academy,,-,15,15
22.0,M,Participation in Government,SOCIAL STUDIES,1,STARS,09-12,1,22,GEN ED,M458,Forsyth Satellite Academy,,-,22,22
,M,,,1,,,,,,M458,Forsyth Satellite Academy,16.4,,,
22.3,M,English 9,ENGLISH,1,STARS,09-12,3,67,GEN ED,M509,Marta Valle High School,,-,27,13
20.3,M,English 10,ENGLISH,1,STARS,09-12,3,61,GEN ED,M509,Marta Valle High School,,-,27,17
25.5,M,English 11,ENGLISH,1,STARS,09-12,2,51,GEN ED,M509,Marta Valle High School,,-,26,25
21.0,M,English 12,ENGLISH,1,STARS,09-12,3,63,GEN ED,M509,Marta Valle High School,,-,23,20
21.3,M,Integrated Algebra,MATH,1,STARS,09-12,6,128,GEN ED,M509,Marta Valle High School,,-,29,12
19.0,M,Geometry,MATH,1,STARS,09-12,3,57,GEN ED,M509,Marta Valle High School,,-,24,13
24.0,M,Trigonometry,MATH,1,STARS,09-12,2,48,GEN ED,M509,Marta Valle High School,,-,27,21
33.0,M,Earth Science,SCIENCE,1,STARS,09-12,2,66,GEN ED,M509,Marta Valle High School,,-,33,33
29.3,M,Living Environment,SCIENCE,1,STARS,09-12,3,88,GEN ED,M509,Marta Valle High School,,-,33,27
12.0,M,Physics,SCIENCE,1,STARS,09-12,2,24,GEN ED,M509,Marta Valle High School,,-,12,12
29.5,M,Other Science,SCIENCE,1,STARS,09-12,2,59,GEN ED,M509,Marta Valle High School,,-,30,29
22.8,M,Global History & Geography,SOCIAL STUDIES,1,STARS,09-12,6,137,GEN ED,M509,Marta Valle High School,,-,35,14
24.0,M,US History & Government,SOCIAL STUDIES,1,STARS,09-12,2,48,GEN ED,M509,Marta Valle High School,,-,28,20
26.0,M,Economics,SOCIAL STUDIES,1,STARS,09-12,3,78,GEN ED,M509,Marta Valle High School,,-,29,24
33.0,M,Earth Science,SCIENCE,1,STARS,09-12,2,66,CTT,M509,Marta Valle High School,,-,33,33
33.5,M,Living Environment,SCIENCE,1,STARS,09-12,4,134,CTT,M509,Marta Valle High School,,-,34,33
13.0,M,Other Science,SCIENCE,1,STARS,09-12,1,13,CTT,M509,Marta Valle High School,,-,13,13
29.5,M,Global History & Geography,SOCIAL STUDIES,1,STARS,09-12,2,59,CTT,M509,Marta Valle High School,,-,31,28
27.0,M,US History & Government,SOCIAL STUDIES,1,STARS,09-12,1,27,CTT,M509,Marta Valle High School,,-,27,27
6.0,M,English 9,ENGLISH,1,STARS,09-12,1,6,SPEC ED,M509,Marta Valle High School,,-,6,6
8.0,M,English 11,ENGLISH,1,STARS,09-12,1,8,SPEC ED,M509,Marta Valle High School,,-,8,8
7.0,M,Integrated Algebra,MATH,1,STARS,09-12,2,14,SPEC ED,M509,Marta Valle High School,,-,9,5
6.0,M,Geometry,MATH,1,STARS,09-12,1,6,SPEC ED,M509,Marta Valle High School,,-,6,6
8.0,M,Earth Science,SCIENCE,1,STARS,09-12,2,16,SPEC ED,M509,Marta Valle High School,,-,8,8
8.0,M,Other Science,SCIENCE,1,STARS,09-12,1,8,SPEC ED,M509,Marta Valle High School,,-,8,8
8.0,M,Global History & Geography,SOCIAL STUDIES,1,STARS,09-12,1,8,SPEC ED,M509,Marta Valle High School,,-,8,8
6.0,M,US History & Government,SOCIAL STUDIES,1,STARS,09-12,1,6,SPEC ED,M509,Marta Valle High School,,-,6,6
,M,,,1,,,,,,M509,Marta Valle High School,12.2,,,
27.7,M,English 9,ENGLISH,1,STARS,09-12,6,166,GEN ED,M515,Lower East Side Preparatory High School,,-,33,19
25.0,M,English 10,ENGLISH,1,STARS,09-12,10,250,GEN ED,M515,Lower East Side Preparatory High School,,-,31,16
20.8,M,English 11,ENGLISH,1,STARS,09-12,5,104,GEN ED,M515,Lower East Side Preparatory High School,,-,30,10
19.0,M,English 12,ENGLISH,1,STARS,09-12,5,95,GEN ED,M515,Lower East Side Preparatory High School,,-,24,10
21.8,M,Other English,ENGLISH,1,STARS,09-12,4,87,GEN ED,M515,Lower East Side Preparatory High School,,-,34,16
26.7,M,Integrated Algebra,MATH,1,STARS,09-12,7,187,GEN ED,M515,Lower East Side Preparatory High School,,-,33,13
24.3,M,Geometry,MATH,1,STARS,09-12,7,170,GEN ED,M515,Lower East Side Preparatory High School,,-,31,16
22.3,M,Trigonometry,MATH,1,STARS,09-12,3,67,GEN ED,M515,Lower East Side Preparatory High School,,-,26,18
23.0,M,Other Math,MATH,1,STARS,09-12,1,23,GEN ED,M515,Lower East Side Preparatory High School,,-,23,23
21.4,M,Earth Science,SCIENCE,1,STARS,09-12,9,193,GEN ED,M515,Lower East Side Preparatory High School,,-,31,15
19.8,M,Living Environment,SCIENCE,1,STARS,09-12,10,198,GEN ED,M515,Lower East Side Preparatory High School,,-,28,10
13.0,M,Other Science,SCIENCE,1,STARS,09-12,2,26,GEN ED,M515,Lower East Side Preparatory High School,,-,14,12
27.9,M,Global History & Geography,SOCIAL STUDIES,1,STARS,09-12,10,279,GEN ED,M515,Lower East Side Preparatory High School,,-,33,21
28.0,M,US History & Government,SOCIAL STUDIES,1,STARS,09-12,6,168,GEN ED,M515,Lower East Side Preparatory High School,,-,32,19
20.0,M,-,-,2,ATS,01,1,20,CTT,M002,P.S. 002 Meyer London,,-,20,20
17.5,M,Economics,SOCIAL STUDIES,1,STARS,09-12,2,35,GEN ED,M515,Lower East Side Preparatory High School,,-,22,13
21.7,M,Participation in Government,SOCIAL STUDIES,1,STARS,09-12,3,65,GEN ED,M515,Lower East Side Preparatory High School,,-,28,17
29.0,M,Other Social Studies,SOCIAL STUDIES,1,STARS,09-12,4,116,GEN ED,M515,Lower East Side Preparatory High School,,-,33,20
,M,,,1,,,,,,M515,Lower East Side Preparatory High School,16.7,,,
25.5,M,-,-,1,ATS,0K,4,102,GEN ED,M539,"New Explorations into Science, Technology and Math High School",,-,26,25
25.3,M,-,-,1,ATS,01,4,101,GEN ED,M539,"New Explorations into Science, Technology and Math High School",,-,26,24
25.0,M,-,-,1,ATS,01,1,25,G&T,M539,"New Explorations into Science, Technology and Math High School",,-,25,25
25.3,M,-,-,1,ATS,02,4,101,GEN ED,M539,"New Explorations into Science, Technology and Math High School",,-,26,24
23.2,M,-,-,1,ATS,03,5,116,GEN ED,M539,"New Explorations into Science, Technology and Math High School",,-,24,22
27.0,M,-,-,1,ATS,04,3,81,GEN ED,M539,"New Explorations into Science, Technology and Math High School",,-,27,27
27.0,M,-,-,1,ATS,04,1,27,G&T,M539,"New Explorations into Science, Technology and Math High School",,-,27,27
25.5,M,-,-,1,ATS,05,2,51,GEN ED,M539,"New Explorations into Science, Technology and Math High School",,-,26,25
25.0,M,-,-,1,ATS,05,1,25,G&T,M539,"New Explorations into Science, Technology and Math High School",,-,25,25
13.5,M,-,-,1,ATS,06,10,135,GEN ED,M539,"New Explorations into Science, Technology and Math High School",,-,16,12
14.9,M,-,-,1,ATS,07,8,119,GEN ED,M539,"New Explorations into Science, Technology and Math High School",,-,18,11
14.0,M,-,-,1,ATS,08,6,84,GEN ED,M539,"New Explorations into Science, Technology and Math High School",,-,19,11
14.5,M,-,-,1,ATS,08,4,58,G&T,M539,"New Explorations into Science, Technology and Math High School",,-,18,13
21.8,M,English 9,ENGLISH,1,STARS,09-12,6,131,GEN ED,M539,"New Explorations into Science, Technology and Math High School",,-,31,16
30.6,M,English 10,ENGLISH,1,STARS,09-12,5,153,GEN ED,M539,"New Explorations into Science, Technology and Math High School",,-,34,21
27.7,M,English 11,ENGLISH,1,STARS,09-12,6,166,GEN ED,M539,"New Explorations into Science, Technology and Math High School",,-,34,23
25.4,M,English 12,ENGLISH,1,STARS,09-12,5,127,GEN ED,M539,"New Explorations into Science, Technology and Math High School",,-,34,19
12.5,M,Other English,ENGLISH,1,STARS,09-12,2,25,GEN ED,M539,"New Explorations into Science, Technology and Math High School",,-,13,12
25.1,M,Integrated Algebra,MATH,1,STARS,09-12,7,176,GEN ED,M539,"New Explorations into Science, Technology and Math High School",,-,32,15
28.4,M,Geometry,MATH,1,STARS,09-12,9,256,GEN ED,M539,"New Explorations into Science, Technology and Math High School",,-,34,22
26.3,M,Trigonometry,MATH,1,STARS,09-12,9,237,GEN ED,M539,"New Explorations into Science, Technology and Math High School",,-,34,20
22.8,M,Other Math,MATH,1,STARS,09-12,6,137,GEN ED,M539,"New Explorations into Science, Technology and Math High School",,-,28,16
28.8,M,Earth Science,SCIENCE,1,STARS,09-12,4,115,GEN ED,M539,"New Explorations into Science, Technology and Math High School",,-,31,24
25.4,M,Living Environment,SCIENCE,1,STARS,09-12,10,254,GEN ED,M539,"New Explorations into Science, Technology and Math High School",,-,31,18
24.9,M,Chemistry,SCIENCE,1,STARS,09-12,8,199,GEN ED,M539,"New Explorations into Science, Technology and Math High School",,-,29,17
21.0,M,Physics,SCIENCE,1,STARS,09-12,11,231,GEN ED,M539,"New Explorations into Science, Technology and Math High School",,-,33,14
19.8,M,Other Science,SCIENCE,1,STARS,09-12,6,119,GEN ED,M539,"New Explorations into Science, Technology and Math High School",,-,34,12
26.7,M,Global History & Geography,SOCIAL STUDIES,1,STARS,09-12,11,294,GEN ED,M539,"New Explorations into Science, Technology and Math High School",,-,34,14
29.0,M,US History & Government,SOCIAL STUDIES,1,STARS,09-12,6,174,GEN ED,M539,"New Explorations into Science, Technology and Math High School",,-,33,24
33.5,M,Economics,SOCIAL STUDIES,1,STARS,09-12,2,67,GEN ED,M539,"New Explorations into Science, Technology and Math High School",,-,34,33
30.5,M,Participation in Government,SOCIAL STUDIES,1,STARS,09-12,2,61,GEN ED,M539,"New Explorations into Science, Technology and Math High School",,-,34,27
24.5,M,Other Social Studies,SOCIAL STUDIES,1,STARS,09-12,2,49,GEN ED,M539,"New Explorations into Science, Technology and Math High School",,-,26,23
,M,,,1,,,,,,M539,"New Explorations into Science, Technology and Math High School",16.4,,,
25.0,M,English 10,ENGLISH,1,STARS,09-12,2,50,GEN ED,M650,Cascades High School,,-,25,25
23.0,M,English 11,ENGLISH,1,STARS,09-12,4,92,GEN ED,M650,Cascades High School,,-,25,19
20.0,M,English 12,ENGLISH,1,STARS,09-12,6,120,GEN ED,M650,Cascades High School,,-,28,12
18.7,M,Other English,ENGLISH,1,STARS,09-12,3,56,GEN ED,M650,Cascades High School,,-,21,17
20.0,M,Integrated Algebra,MATH,1,STARS,09-12,2,40,GEN ED,M650,Cascades High School,,-,25,15
22.0,M,Geometry,MATH,1,STARS,09-12,4,88,GEN ED,M650,Cascades High School,,-,28,13
20.0,M,Other Math,MATH,1,STARS,09-12,3,60,GEN ED,M650,Cascades High School,,-,24,16
18.5,M,Earth Science,SCIENCE,1,STARS,09-12,2,37,GEN ED,M650,Cascades High School,,-,20,17
26.0,M,Living Environment,SCIENCE,1,STARS,09-12,1,26,GEN ED,M650,Cascades High School,,-,26,26
19.3,M,Chemistry,SCIENCE,1,STARS,09-12,3,58,GEN ED,M650,Cascades High School,,-,22,15
22.5,M,Other Science,SCIENCE,1,STARS,09-12,2,45,GEN ED,M650,Cascades High School,,-,23,22
24.7,M,Global History & Geography,SOCIAL STUDIES,1,STARS,09-12,3,74,GEN ED,M650,Cascades High School,,-,29,22
25.5,M,US History & Government,SOCIAL STUDIES,1,STARS,09-12,4,102,GEN ED,M650,Cascades High School,,-,28,24
26.0,M,Economics,SOCIAL STUDIES,1,STARS,09-12,3,78,GEN ED,M650,Cascades High School,,-,32,23
25.3,M,Participation in Government,SOCIAL STUDIES,1,STARS,09-12,3,76,GEN ED,M650,Cascades High School,,-,28,21
12.0,M,Other Social Studies,SOCIAL STUDIES,1,STARS,09-12,2,24,GEN ED,M650,Cascades High School,,-,12,12
,M,,,1,,,,,,M650,Cascades High School,15.5,,,
21.1,M,English 9,ENGLISH,1,STARS,09-12,15,316,GEN ED,M696,Bard High School Early College,,-,26,15
20.6,M,English 10,ENGLISH,1,STARS,09-12,13,268,GEN ED,M696,Bard High School Early College,,-,24,17
23.5,M,Other English,ENGLISH,1,STARS,09-12,6,141,GEN ED,M696,Bard High School Early College,,-,26,22
24.0,M,Math A,MATH,1,STARS,09-12,7,168,GEN ED,M696,Bard High School Early College,,-,26,21
19.2,M,Math B,MATH,1,STARS,09-12,5,96,GEN ED,M696,Bard High School Early College,,-,25,15
23.0,M,Other Math,MATH,1,STARS,09-12,2,46,GEN ED,M696,Bard High School Early College,,-,24,22
20.1,M,Chemistry,SCIENCE,1,STARS,09-12,14,282,GEN ED,M696,Bard High School Early College,,-,24,15
22.9,M,Physics,SCIENCE,1,STARS,09-12,14,320,GEN ED,M696,Bard High School Early College,,-,25,17
21.6,M,Other Science,SCIENCE,1,STARS,09-12,21,454,GEN ED,M696,Bard High School Early College,,-,24,18
16.9,M,Global History & Geography,SOCIAL STUDIES,1,STARS,09-12,8,135,GEN ED,M696,Bard High School Early College,,-,18,15
21.9,M,US History & Government,SOCIAL STUDIES,1,STARS,09-12,8,175,GEN ED,M696,Bard High School Early College,,-,25,18
16.9,M,Other Social Studies,SOCIAL STUDIES,1,STARS,09-12,10,169,GEN ED,M696,Bard High School Early College,,-,24,11
,M,,,1,,,,,,M696,Bard High School Early College,16.8,,,
31.0,M,-,-,1,ATS,06,3,93,GEN ED,M839,Tompkins Square Middle School,,-,31,31
32.0,M,-,-,1,ATS,06,1,32,CTT,M839,Tompkins Square Middle School,,-,32,32
30.0,M,-,-,1,ATS,07,3,90,GEN ED,M839,Tompkins Square Middle School,,-,30,30
32.0,M,-,-,1,ATS,07,1,32,CTT,M839,Tompkins Square Middle School,,-,32,32
30.0,M,-,-,1,ATS,08,3,90,GEN ED,M839,Tompkins Square Middle School,,-,30,30
32.0,M,-,-,1,ATS,08,1,32,CTT,M839,Tompkins Square Middle School,,-,32,32
11.0,M,-,-,1,ATS,0K-09,1,11,SPEC ED,M839,Tompkins Square Middle School,,12:1,11,11
10.0,M,-,-,1,ATS,0K-09,1,10,SPEC ED,M839,Tompkins Square Middle School,,12:1:1,10,10
,M,,,1,,,,,,M839,Tompkins Square Middle School,13.5,,,
21.7,M,-,-,2,ATS,0K,3,65,GEN ED,M001,P.S. 001 Alfred E. Smith,,-,23,21
20.3,M,-,-,2,ATS,01,4,81,GEN ED,M001,P.S. 001 Alfred E. Smith,,-,21,20
17.7,M,-,-,2,ATS,02,3,53,GEN ED,M001,P.S. 001 Alfred E. Smith,,-,18,17
22.0,M,-,-,2,ATS,02,1,22,CTT,M001,P.S. 001 Alfred E. Smith,,-,22,22
19.0,M,-,-,2,ATS,03,3,57,GEN ED,M001,P.S. 001 Alfred E. Smith,,-,19,19
18.0,M,-,-,2,ATS,03,1,18,CTT,M001,P.S. 001 Alfred E. Smith,,-,18,18
21.7,M,-,-,2,ATS,04,3,65,GEN ED,M001,P.S. 001 Alfred E. Smith,,-,23,20
28.7,M,-,-,2,ATS,05,3,86,GEN ED,M001,P.S. 001 Alfred E. Smith,,-,30,27
12.0,M,-,-,2,ATS,0K-09,2,24,SPEC ED,M001,P.S. 001 Alfred E. Smith,,12:1:1,13,11
,M,,,2,,,,,,M001,P.S. 001 Alfred E. Smith,13.8,,,
20.4,M,-,-,2,ATS,0K,5,102,GEN ED,M002,P.S. 002 Meyer London,,-,22,19
21.0,M,-,-,2,ATS,0K,1,21,CTT,M002,P.S. 002 Meyer London,,-,21,21
20.4,M,-,-,2,ATS,01,5,102,GEN ED,M002,P.S. 002 Meyer London,,-,22,19
22.8,M,-,-,2,ATS,02,5,114,GEN ED,M002,P.S. 002 Meyer London,,-,24,20
23.0,M,-,-,2,ATS,02,1,23,CTT,M002,P.S. 002 Meyer London,,-,23,23
22.2,M,-,-,2,ATS,03,5,111,GEN ED,M002,P.S. 002 Meyer London,,-,25,21
21.0,M,-,-,2,ATS,03,1,21,CTT,M002,P.S. 002 Meyer London,,-,21,21
22.2,M,-,-,2,ATS,04,5,111,GEN ED,M002,P.S. 002 Meyer London,,-,24,19
24.0,M,-,-,2,ATS,04,1,24,CTT,M002,P.S. 002 Meyer London,,-,24,24
28.5,M,-,-,2,ATS,05,4,114,GEN ED,M002,P.S. 002 Meyer London,,-,31,23
25.0,M,-,-,2,ATS,05,1,25,CTT,M002,P.S. 002 Meyer London,,-,25,25
10.5,M,-,-,2,ATS,0K-09,2,21,SPEC ED,M002,P.S. 002 Meyer London,,12:1:1,11,10
,M,,,2,,,,,,M002,P.S. 002 Meyer London,12.2,,,
23.0,M,-,-,2,ATS,01,1,23,GEN ED,M003,P.S. 003 Charrette School,,-,23,23
31.0,M,-,-,2,ATS,04,1,31,GEN ED,M003,P.S. 003 Charrette School,,-,31,31
31.0,M,-,-,2,ATS,04,1,31,CTT,M003,P.S. 003 Charrette School,,-,31,31
29.5,M,-,-,2,ATS,05,2,59,GEN ED,M003,P.S. 003 Charrette School,,-,30,29
26.0,M,-,-,2,ATS,05,1,26,CTT,M003,P.S. 003 Charrette School,,-,26,26
10.5,M,-,-,2,ATS,0K-09,2,21,SPEC ED,M003,P.S. 003 Charrette School,,12:1:1,12,9
,M,,,2,,,,,,M003,P.S. 003 Charrette School,15.2,,,
26.6,M,-,-,2,ATS,0K,5,133,GEN ED,M006,P.S. 006 Lillie D. Blake,,-,27,26
27.0,M,-,-,2,ATS,0K,1,27,CTT,M006,P.S. 006 Lillie D. Blake,,-,27,27
25.5,M,-,-,2,ATS,01,4,102,GEN ED,M006,P.S. 006 Lillie D. Blake,,-,26,25
24.0,M,-,-,2,ATS,01,1,24,CTT,M006,P.S. 006 Lillie D. Blake,,-,24,24
25.0,M,-,-,2,ATS,02,4,100,GEN ED,M006,P.S. 006 Lillie D. Blake,,-,26,24
25.5,M,-,-,2,ATS,02,2,51,CTT,M006,P.S. 006 Lillie D. Blake,,-,26,25
28.0,M,-,-,2,ATS,03,3,84,GEN ED,M006,P.S. 006 Lillie D. Blake,,-,29,27
25.5,M,-,-,2,ATS,03,2,51,CTT,M006,P.S. 006 Lillie D. Blake,,-,26,25
29.0,M,-,-,2,ATS,04,3,87,GEN ED,M006,P.S. 006 Lillie D. Blake,,-,29,29
29.0,M,-,-,2,ATS,04,1,29,CTT,M006,P.S. 006 Lillie D. Blake,,-,29,29
29.3,M,-,-,2,ATS,05,3,88,GEN ED,M006,P.S. 006 Lillie D. Blake,,-,30,29
28.0,M,-,-,2,ATS,05,1,28,CTT,M006,P.S. 006 Lillie D. Blake,,-,28,28
12.0,M,-,-,2,ATS,0K-09,1,12,SPEC ED,M006,P.S. 006 Lillie D. Blake,,12:1:1,12,12
,M,,,2,,,,,,M006,P.S. 006 Lillie D. Blake,15.4,,,
21.0,M,-,-,2,ATS,0K,3,63,GEN ED,M011,P.S. 011 William T. Harris,,-,21,21
22.0,M,-,-,2,ATS,0K,1,22,CTT,M011,P.S. 011 William T. Harris,,-,22,22
21.0,M,-,-,2,ATS,0K,2,42,G&T,M011,P.S. 011 William T. Harris,,-,21,21
20.5,M,-,-,2,ATS,01,2,41,GEN ED,M011,P.S. 011 William T. Harris,,-,21,20
24.0,M,-,-,2,ATS,01,1,24,CTT,M011,P.S. 011 William T. Harris,,-,24,24
20.5,M,-,-,2,ATS,01,2,41,G&T,M011,P.S. 011 William T. Harris,,-,21,20
20.0,M,-,-,2,ATS,02,2,40,GEN ED,M011,P.S. 011 William T. Harris,,-,21,19
22.0,M,-,-,2,ATS,02,1,22,CTT,M011,P.S. 011 William T. Harris,,-,22,22
20.0,M,-,-,2,ATS,02,2,40,G&T,M011,P.S. 011 William T. Harris,,-,20,20
22.0,M,-,-,2,ATS,03,1,22,GEN ED,M011,P.S. 011 William T. Harris,,-,22,22
26.0,M,-,-,2,ATS,03,1,26,CTT,M011,P.S. 011 William T. Harris,,-,26,26
21.5,M,-,-,2,ATS,03,2,43,G&T,M011,P.S. 011 William T. Harris,,-,22,21
20.0,M,-,-,2,ATS,04,2,40,GEN ED,M011,P.S. 011 William T. Harris,,-,21,19
24.0,M,-,-,2,ATS,04,1,24,CTT,M011,P.S. 011 William T. Harris,,-,24,24
19.0,M,-,-,2,ATS,04,1,19,G&T,M011,P.S. 011 William T. Harris,,-,19,19
22.0,M,-,-,2,ATS,05,1,22,GEN ED,M011,P.S. 011 William T. Harris,,-,22,22
24.0,M,-,-,2,ATS,05,1,24,CTT,M011,P.S. 011 William T. Harris,,-,24,24
17.0,M,-,-,2,ATS,05,2,34,G&T,M011,P.S. 011 William T. Harris,,-,18,16
13.0,M,-,-,2,ATS,0K-09,1,13,SPEC ED,M011,P.S. 011 William T. Harris,,12:1,13,13
13.0,M,-,-,2,ATS,0K-09,1,13,SPEC ED,M011,P.S. 011 William T. Harris,,12:1:1,13,13
,M,,,2,,,,,,M011,P.S. 011 William T. Harris,12.2,,,
22.0,M,-,-,2,ATS,0K,2,44,GEN ED,M033,P.S. 033 Chelsea Prep,,-,22,22
20.0,M,-,-,2,ATS,0K,1,20,G&T,M033,P.S. 033 Chelsea Prep,,-,20,20
15.7,M,-,-,2,ATS,01,3,47,GEN ED,M033,P.S. 033 Chelsea Prep,,-,17,14
15.0,M,-,-,2,ATS,01,1,15,G&T,M033,P.S. 033 Chelsea Prep,,-,15,15
23.0,M,-,-,2,ATS,02,1,23,GEN ED,M033,P.S. 033 Chelsea Prep,,-,23,23
22.0,M,-,-,2,ATS,02,1,22,CTT,M033,P.S. 033 Chelsea Prep,,-,22,22
23.5,M,-,-,2,ATS,03,2,47,GEN ED,M033,P.S. 033 Chelsea Prep,,-,24,23
18.0,M,-,-,2,ATS,04,2,36,GEN ED,M033,P.S. 033 Chelsea Prep,,-,18,18
24.0,M,-,-,2,ATS,05,2,48,GEN ED,M033,P.S. 033 Chelsea Prep,,-,25,23
5.5,M,-,-,2,ATS,0K-09,2,11,SPEC ED,M033,P.S. 033 Chelsea Prep,,12:1,9,2
7.0,M,-,-,2,ATS,0K-09,1,7,SPEC ED,M033,P.S. 033 Chelsea Prep,,12:1:1,7,7
,M,,,2,,,,,,M033,P.S. 033 Chelsea Prep,13.3,,,
23.0,M,-,-,2,ATS,0K,4,92,GEN ED,M040,P.S. 040 Augustus Saint-Gaudens,,-,24,21
25.0,M,-,-,2,ATS,0K,1,25,CTT,M040,P.S. 040 Augustus Saint-Gaudens,,-,25,25
25.0,M,-,-,2,ATS,01,3,75,GEN ED,M040,P.S. 040 Augustus Saint-Gaudens,,-,26,24
24.0,M,-,-,2,ATS,01,1,24,CTT,M040,P.S. 040 Augustus Saint-Gaudens,,-,24,24
20.0,M,-,-,2,ATS,02,3,60,GEN ED,M040,P.S. 040 Augustus Saint-Gaudens,,-,20,20
24.0,M,-,-,2,ATS,02,1,24,CTT,M040,P.S. 040 Augustus Saint-Gaudens,,-,24,24
29.0,M,-,-,2,ATS,03,2,58,GEN ED,M040,P.S. 040 Augustus Saint-Gaudens,,-,29,29
29.0,M,-,-,2,ATS,03,1,29,CTT,M040,P.S. 040 Augustus Saint-Gaudens,,-,29,29
24.5,M,-,-,2,ATS,04,2,49,GEN ED,M040,P.S. 040 Augustus Saint-Gaudens,,-,25,24
26.0,M,-,-,2,ATS,04,1,26,CTT,M040,P.S. 040 Augustus Saint-Gaudens,,-,26,26
26.5,M,-,-,2,ATS,05,2,53,GEN ED,M040,P.S. 040 Augustus Saint-Gaudens,,-,27,26
24.0,M,-,-,2,ATS,05,1,24,CTT,M040,P.S. 040 Augustus Saint-Gaudens,,-,24,24
11.0,M,-,-,2,ATS,0K-09,1,11,SPEC ED,M040,P.S. 040 Augustus Saint-Gaudens,,12:1,11,11
,M,,,2,,,,,,M040,P.S. 040 Augustus Saint-Gaudens,14.8,,,
22.2,M,-,-,2,ATS,0K,5,111,GEN ED,M041,P.S. 041 Greenwich Village,,-,23,21
25.0,M,-,-,2,ATS,0K,1,25,CTT,M041,P.S. 041 Greenwich Village,,-,25,25
25.4,M,-,-,2,ATS,01,5,127,GEN ED,M041,P.S. 041 Greenwich Village,,-,26,24
26.0,M,-,-,2,ATS,01,1,26,CTT,M041,P.S. 041 Greenwich Village,,-,26,26
24.3,M,-,-,2,ATS,02,4,97,GEN ED,M041,P.S. 041 Greenwich Village,,-,25,24
24.0,M,-,-,2,ATS,02,1,24,CTT,M041,P.S. 041 Greenwich Village,,-,24,24
23.0,M,-,-,2,ATS,03,4,92,GEN ED,M041,P.S. 041 Greenwich Village,,-,24,21
24.0,M,-,-,2,ATS,03,1,24,CTT,M041,P.S. 041 Greenwich Village,,-,24,24
30.0,M,-,-,2,ATS,04,3,90,GEN ED,M041,P.S. 041 Greenwich Village,,-,30,30
31.0,M,-,-,2,ATS,04,1,31,CTT,M041,P.S. 041 Greenwich Village,,-,31,31
27.0,M,-,-,2,ATS,05,3,81,GEN ED,M041,P.S. 041 Greenwich Village,,-,28,26
26.0,M,-,-,2,ATS,05,1,26,CTT,M041,P.S. 041 Greenwich Village,,-,26,26
,M,,,2,,,,,,M041,P.S. 041 Greenwich Village,14.2,,,
22.0,M,-,-,2,ATS,0K,5,110,GEN ED,M042,P.S. 042 Benjamin Altman,,-,24,20
22.0,M,-,-,2,ATS,0K,1,22,CTT,M042,P.S. 042 Benjamin Altman,,-,22,22
24.0,M,-,-,2,ATS,01,5,120,GEN ED,M042,P.S. 042 Benjamin Altman,,-,25,23
23.8,M,-,-,2,ATS,02,5,119,GEN ED,M042,P.S. 042 Benjamin Altman,,-,25,22
21.2,M,-,-,2,ATS,03,5,106,GEN ED,M042,P.S. 042 Benjamin Altman,,-,24,18
31.7,M,-,-,2,ATS,04,3,95,GEN ED,M042,P.S. 042 Benjamin Altman,,-,32,31
,K,,,21,,,,,,K253,P.S. 253,13.9,,,
32.0,M,-,-,2,ATS,05,3,96,GEN ED,M042,P.S. 042 Benjamin Altman,,-,32,32
10.0,M,-,-,2,ATS,0K-09,1,10,SPEC ED,M042,P.S. 042 Benjamin Altman,,12:1,10,10
,M,,,2,,,,,,M042,P.S. 042 Benjamin Altman,13.7,,,
16.0,M,English 9,ENGLISH,2,STARS,09-12,2,32,GEN ED,M047,47 The American Sign Language and English Secondary School,,-,16,16
15.0,M,English 10,ENGLISH,2,STARS,09-12,2,30,GEN ED,M047,47 The American Sign Language and English Secondary School,,-,19,11
13.0,M,English 11,ENGLISH,2,STARS,09-12,1,13,GEN ED,M047,47 The American Sign Language and English Secondary School,,-,13,13
21.0,M,English 12,ENGLISH,2,STARS,09-12,1,21,GEN ED,M047,47 The American Sign Language and English Secondary School,,-,21,21
15.0,M,Integrated Algebra,MATH,2,STARS,09-12,2,30,GEN ED,M047,47 The American Sign Language and English Secondary School,,-,17,13
16.0,M,Geometry,MATH,2,STARS,09-12,2,32,GEN ED,M047,47 The American Sign Language and English Secondary School,,-,17,15
13.0,M,Other Math,MATH,2,STARS,09-12,1,13,GEN ED,M047,47 The American Sign Language and English Secondary School,,-,13,13
13.5,M,Earth Science,SCIENCE,2,STARS,09-12,2,27,GEN ED,M047,47 The American Sign Language and English Secondary School,,-,17,10
16.0,M,Physics,SCIENCE,2,STARS,09-12,1,16,GEN ED,M047,47 The American Sign Language and English Secondary School,,-,16,16
17.0,M,Other Science,SCIENCE,2,STARS,09-12,1,17,GEN ED,M047,47 The American Sign Language and English Secondary School,,-,17,17
21.3,M,US History & Government,SOCIAL STUDIES,2,STARS,09-12,3,64,GEN ED,M047,47 The American Sign Language and English Secondary School,,-,22,21
14.0,M,English 9,ENGLISH,2,STARS,09-12,1,14,CTT,M047,47 The American Sign Language and English Secondary School,,-,14,14
17.0,M,English 11,ENGLISH,2,STARS,09-12,1,17,CTT,M047,47 The American Sign Language and English Secondary School,,-,17,17
18.0,M,Integrated Algebra,MATH,2,STARS,09-12,3,54,CTT,M047,47 The American Sign Language and English Secondary School,,-,21,16
22.0,M,Earth Science,SCIENCE,2,STARS,09-12,2,44,CTT,M047,47 The American Sign Language and English Secondary School,,-,24,20
18.0,M,Other Science,SCIENCE,2,STARS,09-12,2,36,CTT,M047,47 The American Sign Language and English Secondary School,,-,19,17
23.0,M,Global History & Geography,SOCIAL STUDIES,2,STARS,09-12,2,46,CTT,M047,47 The American Sign Language and English Secondary School,,-,23,23
18.5,M,US History & Government,SOCIAL STUDIES,2,STARS,09-12,2,37,CTT,M047,47 The American Sign Language and English Secondary School,,-,19,18
10.0,M,Integrated Algebra,MATH,2,STARS,09-12,1,10,SPEC ED,M047,47 The American Sign Language and English Secondary School,,-,10,10
10.0,M,Earth Science,SCIENCE,2,STARS,09-12,1,10,SPEC ED,M047,47 The American Sign Language and English Secondary School,,-,10,10
24.0,M,-,-,2,ATS,0K,1,24,GEN ED,M051,P.S. 051 Elias Howe,,-,24,24
25.0,M,-,-,2,ATS,0K,1,25,CTT,M051,P.S. 051 Elias Howe,,-,25,25
27.0,M,-,-,2,ATS,01,1,27,GEN ED,M051,P.S. 051 Elias Howe,,-,27,27
28.0,M,-,-,2,ATS,01,1,28,CTT,M051,P.S. 051 Elias Howe,,-,28,28
28.0,M,-,-,2,ATS,02,1,28,GEN ED,M051,P.S. 051 Elias Howe,,-,28,28
31.0,M,-,-,2,ATS,02,1,31,CTT,M051,P.S. 051 Elias Howe,,-,31,31
19.0,M,-,-,2,ATS,03,1,19,GEN ED,M051,P.S. 051 Elias Howe,,-,19,19
20.0,M,-,-,2,ATS,03,1,20,CTT,M051,P.S. 051 Elias Howe,,-,20,20
25.0,M,-,-,2,ATS,04,2,50,GEN ED,M051,P.S. 051 Elias Howe,,-,25,25
26.5,M,-,-,2,ATS,05,2,53,GEN ED,M051,P.S. 051 Elias Howe,,-,27,26
,M,,,2,,,,,,M051,P.S. 051 Elias Howe,11.2,,,
25.0,M,-,-,2,ATS,0K,3,75,GEN ED,M059,P.S. 059 Beekman Hill International,,-,25,25
24.0,M,-,-,2,ATS,0K,1,24,CTT,M059,P.S. 059 Beekman Hill International,,-,24,24
24.0,M,-,-,2,ATS,01,3,72,GEN ED,M059,P.S. 059 Beekman Hill International,,-,24,24
24.0,M,-,-,2,ATS,01,1,24,CTT,M059,P.S. 059 Beekman Hill International,,-,24,24
22.7,M,-,-,2,ATS,02,3,68,GEN ED,M059,P.S. 059 Beekman Hill International,,-,23,22
20.0,M,-,-,2,ATS,02,1,20,CTT,M059,P.S. 059 Beekman Hill International,,-,20,20
28.0,M,-,-,2,ATS,03,2,56,GEN ED,M059,P.S. 059 Beekman Hill International,,-,28,28
29.0,M,-,-,2,ATS,03,1,29,CTT,M059,P.S. 059 Beekman Hill International,,-,29,29
26.0,M,-,-,2,ATS,04,1,26,GEN ED,M059,P.S. 059 Beekman Hill International,,-,26,26
25.0,M,-,-,2,ATS,04,1,25,CTT,M059,P.S. 059 Beekman Hill International,,-,25,25
26.0,M,-,-,2,ATS,05,1,26,GEN ED,M059,P.S. 059 Beekman Hill International,,-,26,26
28.0,M,-,-,2,ATS,05,1,28,CTT,M059,P.S. 059 Beekman Hill International,,-,28,28
,M,,,2,,,,,,M059,P.S. 059 Beekman Hill International,13.7,,,
25.0,M,-,-,2,ATS,0K,2,50,G&T,M077,P.S. 77 Lower Lab School,,-,25,25
29.0,M,-,-,2,ATS,01,2,58,G&T,M077,P.S. 77 Lower Lab School,,-,29,29
28.0,M,-,-,2,ATS,02,2,56,G&T,M077,P.S. 77 Lower Lab School,,-,28,28
28.0,M,-,-,2,ATS,03,2,56,G&T,M077,P.S. 77 Lower Lab School,,-,28,28
28.0,M,-,-,2,ATS,04,2,56,G&T,M077,P.S. 77 Lower Lab School,,-,29,27
26.0,M,-,-,2,ATS,05,2,52,G&T,M077,P.S. 77 Lower Lab School,,-,26,26
9.0,M,-,-,2,ATS,0K-09,1,9,SPEC ED,M077,P.S. 77 Lower Lab School,,12:1,9,9
12.0,M,-,-,2,ATS,0K-09,1,12,SPEC ED,M077,P.S. 77 Lower Lab School,,12:1:1,12,12
,M,,,2,,,,,,M077,P.S. 77 Lower Lab School,17.6,,,
24.5,M,-,-,2,ATS,0K,2,49,GEN ED,M089,P.S. 89,,-,25,24
25.0,M,-,-,2,ATS,0K,1,25,CTT,M089,P.S. 89,,-,25,25
20.5,M,-,-,2,ATS,01,2,41,GEN ED,M089,P.S. 89,,-,21,20
20.0,M,-,-,2,ATS,01,1,20,CTT,M089,P.S. 89,,-,20,20
26.0,M,-,-,2,ATS,02,3,78,GEN ED,M089,P.S. 89,,-,27,25
26.0,M,-,-,2,ATS,02,1,26,CTT,M089,P.S. 89,,-,26,26
27.5,M,-,-,2,ATS,03,2,55,GEN ED,M089,P.S. 89,,-,28,27
25.0,M,-,-,2,ATS,03,1,25,CTT,M089,P.S. 89,,-,25,25
32.0,M,-,-,2,ATS,04,2,64,GEN ED,M089,P.S. 89,,-,32,32
32.0,M,-,-,2,ATS,04,1,32,CTT,M089,P.S. 89,,-,32,32
25.0,M,-,-,2,ATS,05,2,50,GEN ED,M089,P.S. 89,,-,25,25
23.0,M,-,-,2,ATS,05,1,23,CTT,M089,P.S. 89,,-,23,23
,M,,,2,,,,,,M089,P.S. 89,13.7,,,
27.0,M,-,-,2,ATS,06,10,270,GEN ED,M104,J.H.S. 104 Simon Baruch,,-,30,23
27.0,M,-,-,2,ATS,06,2,54,CTT,M104,J.H.S. 104 Simon Baruch,,-,27,27
28.9,M,-,-,2,ATS,07,10,289,GEN ED,M104,J.H.S. 104 Simon Baruch,,-,33,22
30.0,M,-,-,2,ATS,07,2,60,CTT,M104,J.H.S. 104 Simon Baruch,,-,32,28
30.1,M,-,-,2,ATS,08,8,241,GEN ED,M104,J.H.S. 104 Simon Baruch,,-,34,21
25.0,M,-,-,2,ATS,08,2,50,CTT,M104,J.H.S. 104 Simon Baruch,,-,25,25
22.0,M,-,-,2,ATS,07,1,22,CTT,M422,Quest to Learn,,-,22,22
8.3,M,-,-,2,ATS,0K-09,3,25,SPEC ED,M104,J.H.S. 104 Simon Baruch,,12:1,10,7
26.9,M,MS English Core,ENGLISH,2,STARS,MS Core,28,753,GEN ED,M104,J.H.S. 104 Simon Baruch,,-,34,13
26.2,M,MS Math Core,MATH,2,STARS,MS Core,28,734,GEN ED,M104,J.H.S. 104 Simon Baruch,,-,33,13
34.0,M,Integrated Algebra,MATH,2,STARS,MS Core,2,68,GEN ED,M104,J.H.S. 104 Simon Baruch,,-,34,34
26.2,M,MS Science Core,SCIENCE,2,STARS,MS Core,28,734,GEN ED,M104,J.H.S. 104 Simon Baruch,,-,33,13
34.0,M,Earth Science,SCIENCE,2,STARS,MS Core,2,68,GEN ED,M104,J.H.S. 104 Simon Baruch,,-,34,34
26.7,M,MS Social Studies Core,SOCIAL STUDIES,2,STARS,MS Core,30,802,GEN ED,M104,J.H.S. 104 Simon Baruch,,-,34,13
27.2,M,MS English Core,ENGLISH,2,STARS,MS Core,6,163,CTT,M104,J.H.S. 104 Simon Baruch,,-,32,24
27.2,M,MS Math Core,MATH,2,STARS,MS Core,6,163,CTT,M104,J.H.S. 104 Simon Baruch,,-,32,24
27.2,M,MS Science Core,SCIENCE,2,STARS,MS Core,6,163,CTT,M104,J.H.S. 104 Simon Baruch,,-,32,24
27.2,M,MS Social Studies Core,SOCIAL STUDIES,2,STARS,MS Core,6,163,CTT,M104,J.H.S. 104 Simon Baruch,,-,32,24
10.0,M,MS English Core,ENGLISH,2,STARS,MS Core,1,10,SPEC ED,M104,J.H.S. 104 Simon Baruch,,-,10,10
10.0,M,MS Math Core,MATH,2,STARS,MS Core,1,10,SPEC ED,M104,J.H.S. 104 Simon Baruch,,-,10,10
10.0,M,MS Science Core,SCIENCE,2,STARS,MS Core,1,10,SPEC ED,M104,J.H.S. 104 Simon Baruch,,-,10,10
10.0,M,MS Social Studies Core,SOCIAL STUDIES,2,STARS,MS Core,1,10,SPEC ED,M104,J.H.S. 104 Simon Baruch,,-,10,10
17.5,M,MS English Core,ENGLISH,2,STARS,09-12,4,70,GEN ED,M104,J.H.S. 104 Simon Baruch,,-,20,13
25.0,M,Other English,ENGLISH,2,STARS,09-12,5,125,GEN ED,M104,J.H.S. 104 Simon Baruch,,-,33,17
18.0,M,MS English Core,ENGLISH,2,STARS,09-12,2,36,CTT,M104,J.H.S. 104 Simon Baruch,,-,26,10
28.0,M,Other English,ENGLISH,2,STARS,09-12,2,56,CTT,M104,J.H.S. 104 Simon Baruch,,-,33,23
,M,,,2,,,,,,M104,J.H.S. 104 Simon Baruch,15.6,,,
19.5,M,-,-,2,ATS,0K,2,39,GEN ED,M111,P.S. 111 Adolph S. Ochs,,-,20,19
19.0,M,-,-,2,ATS,0K,1,19,CTT,M111,P.S. 111 Adolph S. Ochs,,-,19,19
20.5,M,-,-,2,ATS,01,2,41,GEN ED,M111,P.S. 111 Adolph S. Ochs,,-,21,20
22.0,M,-,-,2,ATS,01,1,22,CTT,M111,P.S. 111 Adolph S. Ochs,,-,22,22
15.5,M,-,-,2,ATS,02,2,31,GEN ED,M111,P.S. 111 Adolph S. Ochs,,-,16,15
16.0,M,-,-,2,ATS,02,1,16,CTT,M111,P.S. 111 Adolph S. Ochs,,-,16,16
20.0,M,-,-,2,ATS,03,2,40,GEN ED,M111,P.S. 111 Adolph S. Ochs,,-,21,19
20.0,M,-,-,2,ATS,03,1,20,CTT,M111,P.S. 111 Adolph S. Ochs,,-,20,20
23.0,M,-,-,2,ATS,04,1,23,GEN ED,M111,P.S. 111 Adolph S. Ochs,,-,23,23
23.0,M,-,-,2,ATS,04,1,23,CTT,M111,P.S. 111 Adolph S. Ochs,,-,23,23
29.0,M,-,-,2,ATS,05,1,29,GEN ED,M111,P.S. 111 Adolph S. Ochs,,-,29,29
31.0,M,-,-,2,ATS,05,1,31,CTT,M111,P.S. 111 Adolph S. Ochs,,-,31,31
25.0,M,-,-,2,ATS,06,2,50,GEN ED,M111,P.S. 111 Adolph S. Ochs,,-,26,24
18.0,M,-,-,2,ATS,06,1,18,CTT,M111,P.S. 111 Adolph S. Ochs,,-,18,18
25.5,M,-,-,2,ATS,07,2,51,GEN ED,M111,P.S. 111 Adolph S. Ochs,,-,26,25
23.0,M,-,-,2,ATS,07,1,23,CTT,M111,P.S. 111 Adolph S. Ochs,,-,23,23
26.0,M,-,-,2,ATS,08,2,52,GEN ED,M111,P.S. 111 Adolph S. Ochs,,-,27,25
,Q,,,27,,,,,,Q051,P.S. 051,13.4,,,
22.0,M,-,-,2,ATS,08,1,22,CTT,M111,P.S. 111 Adolph S. Ochs,,-,22,22
11.0,M,-,-,2,ATS,0K-09,1,11,SPEC ED,M111,P.S. 111 Adolph S. Ochs,,12:1,11,11
24.8,M,MS English Core,ENGLISH,2,STARS,MS Core,6,149,GEN ED,M111,P.S. 111 Adolph S. Ochs,,-,26,24
24.8,M,MS Math Core,MATH,2,STARS,MS Core,6,149,GEN ED,M111,P.S. 111 Adolph S. Ochs,,-,26,24
24.8,M,MS Science Core,SCIENCE,2,STARS,MS Core,6,149,GEN ED,M111,P.S. 111 Adolph S. Ochs,,-,26,24
24.8,M,MS Social Studies Core,SOCIAL STUDIES,2,STARS,MS Core,6,149,GEN ED,M111,P.S. 111 Adolph S. Ochs,,-,26,24
20.7,M,MS English Core,ENGLISH,2,STARS,MS Core,3,62,CTT,M111,P.S. 111 Adolph S. Ochs,,-,22,20
20.7,M,MS Math Core,MATH,2,STARS,MS Core,3,62,CTT,M111,P.S. 111 Adolph S. Ochs,,-,22,20
20.7,M,MS Science Core,SCIENCE,2,STARS,MS Core,3,62,CTT,M111,P.S. 111 Adolph S. Ochs,,-,22,20
20.7,M,MS Social Studies Core,SOCIAL STUDIES,2,STARS,MS Core,3,62,CTT,M111,P.S. 111 Adolph S. Ochs,,-,22,20
,M,,,2,,,,,,M111,P.S. 111 Adolph S. Ochs,10.8,,,
30.0,M,-,-,2,ATS,06,4,120,GEN ED,M114,East Side Middle School,,-,32,29
27.0,M,-,-,2,ATS,06,2,54,CTT,M114,East Side Middle School,,-,27,27
33.7,M,-,-,2,ATS,07,3,101,GEN ED,M114,East Side Middle School,,-,34,33
29.0,M,-,-,2,ATS,07,1,29,CTT,M114,East Side Middle School,,-,29,29
33.7,M,-,-,2,ATS,08,3,101,GEN ED,M114,East Side Middle School,,-,34,33
31.0,M,-,-,2,ATS,08,1,31,CTT,M114,East Side Middle School,,-,31,31
31.6,M,MS English Core,ENGLISH,2,STARS,MS Core,5,158,GEN ED,M114,East Side Middle School,,-,34,29
24.8,M,MS Math Core,MATH,2,STARS,MS Core,13,323,GEN ED,M114,East Side Middle School,,-,34,16
32.2,M,MS Science Core,SCIENCE,2,STARS,MS Core,10,322,GEN ED,M114,East Side Middle School,,-,34,29
29.5,M,MS English Core,ENGLISH,2,STARS,MS Core,2,59,CTT,M114,East Side Middle School,,-,30,29
28.0,M,MS Math Core,MATH,2,STARS,MS Core,4,112,CTT,M114,East Side Middle School,,-,29,27
28.3,M,MS Science Core,SCIENCE,2,STARS,MS Core,4,113,CTT,M114,East Side Middle School,,-,30,27
,M,,,2,,,,,,M114,East Side Middle School,14.8,,,
21.6,M,-,-,2,ATS,0K,5,108,GEN ED,M116,P.S. 116 Mary Lindley Murray,,-,22,21
20.0,M,-,-,2,ATS,0K,1,20,CTT,M116,P.S. 116 Mary Lindley Murray,,-,20,20
20.2,M,-,-,2,ATS,01,5,101,GEN ED,M116,P.S. 116 Mary Lindley Murray,,-,21,20
24.0,M,-,-,2,ATS,01,1,24,CTT,M116,P.S. 116 Mary Lindley Murray,,-,24,24
28.3,M,-,-,2,ATS,02,4,113,GEN ED,M116,P.S. 116 Mary Lindley Murray,,-,30,25
28.0,M,-,-,2,ATS,02,1,28,CTT,M116,P.S. 116 Mary Lindley Murray,,-,28,28
28.8,M,-,-,2,ATS,03,4,115,GEN ED,M116,P.S. 116 Mary Lindley Murray,,-,30,27
25.0,M,-,-,2,ATS,03,1,25,CTT,M116,P.S. 116 Mary Lindley Murray,,-,25,25
25.0,M,-,-,2,ATS,04,4,100,GEN ED,M116,P.S. 116 Mary Lindley Murray,,-,26,24
25.0,M,-,-,2,ATS,04,1,25,CTT,M116,P.S. 116 Mary Lindley Murray,,-,25,25
22.8,M,-,-,2,ATS,05,4,91,GEN ED,M116,P.S. 116 Mary Lindley Murray,,-,26,20
24.0,M,-,-,2,ATS,05,1,24,CTT,M116,P.S. 116 Mary Lindley Murray,,-,24,24
6.0,M,-,-,2,ATS,0K-09,1,6,SPEC ED,M116,P.S. 116 Mary Lindley Murray,,12:1,6,6
,M,,,2,,,,,,M116,P.S. 116 Mary Lindley Murray,13.9,,,
24.8,M,-,-,2,ATS,0K,4,99,GEN ED,M124,P.S. 124 Yung Wing,,-,25,24
18.0,M,-,-,2,ATS,0K,1,18,CTT,M124,P.S. 124 Yung Wing,,-,18,18
24.0,M,-,-,2,ATS,0K,1,24,G&T,M124,P.S. 124 Yung Wing,,-,24,24
25.5,M,-,-,2,ATS,01,4,102,GEN ED,M124,P.S. 124 Yung Wing,,-,26,25
19.0,M,-,-,2,ATS,01,1,19,CTT,M124,P.S. 124 Yung Wing,,-,19,19
,M,,,5,,,,,,M129,P.S. 129 John H. Finley,12.9,,,
25.0,M,-,-,2,ATS,01,1,25,G&T,M124,P.S. 124 Yung Wing,,-,25,25
27.0,M,-,-,2,ATS,02,4,108,GEN ED,M124,P.S. 124 Yung Wing,,-,28,26
17.0,M,-,-,2,ATS,02,1,17,CTT,M124,P.S. 124 Yung Wing,,-,17,17
30.0,M,-,-,2,ATS,02,1,30,G&T,M124,P.S. 124 Yung Wing,,-,30,30
23.8,M,-,-,2,ATS,03,4,95,GEN ED,M124,P.S. 124 Yung Wing,,-,24,23
15.0,M,-,-,2,ATS,03,1,15,CTT,M124,P.S. 124 Yung Wing,,-,15,15
28.0,M,-,-,2,ATS,03,1,28,G&T,M124,P.S. 124 Yung Wing,,-,28,28
32.0,M,-,-,2,ATS,04,3,96,GEN ED,M124,P.S. 124 Yung Wing,,-,32,32
26.0,M,-,-,2,ATS,04,1,26,CTT,M124,P.S. 124 Yung Wing,,-,26,26
29.0,M,-,-,2,ATS,04,1,29,G&T,M124,P.S. 124 Yung Wing,,-,29,29
29.8,M,-,-,2,ATS,05,4,119,GEN ED,M124,P.S. 124 Yung Wing,,-,32,28
32.0,M,-,-,2,ATS,05,1,32,G&T,M124,P.S. 124 Yung Wing,,-,32,32
10.5,M,-,-,2,ATS,0K-09,2,21,SPEC ED,M124,P.S. 124 Yung Wing,,12:1:1,12,9
,M,,,2,,,,,,M124,P.S. 124 Yung Wing,14.1,,,
23.0,M,-,-,2,ATS,0K,2,46,GEN ED,M126,P.S. 126 Jacob August Riis,,-,24,22
20.0,M,-,-,2,ATS,0K,1,20,CTT,M126,P.S. 126 Jacob August Riis,,-,20,20
22.5,M,-,-,2,ATS,01,2,45,GEN ED,M126,P.S. 126 Jacob August Riis,,-,24,21
21.0,M,-,-,2,ATS,01,1,21,CTT,M126,P.S. 126 Jacob August Riis,,-,21,21
17.5,M,-,-,2,ATS,02,2,35,GEN ED,M126,P.S. 126 Jacob August Riis,,-,18,17
16.0,M,-,-,2,ATS,02,1,16,CTT,M126,P.S. 126 Jacob August Riis,,-,16,16
22.5,M,-,-,2,ATS,03,2,45,GEN ED,M126,P.S. 126 Jacob August Riis,,-,23,22
22.0,M,-,-,2,ATS,03,1,22,CTT,M126,P.S. 126 Jacob August Riis,,-,22,22
20.5,M,-,-,2,ATS,04,2,41,GEN ED,M126,P.S. 126 Jacob August Riis,,-,21,20
19.0,M,-,-,2,ATS,04,1,19,CTT,M126,P.S. 126 Jacob August Riis,,-,19,19
19.0,M,-,-,2,ATS,05,2,38,GEN ED,M126,P.S. 126 Jacob August Riis,,-,20,18
22.0,M,-,-,2,ATS,05,1,22,CTT,M126,P.S. 126 Jacob August Riis,,-,22,22
29.0,M,-,-,2,ATS,06,3,87,GEN ED,M126,P.S. 126 Jacob August Riis,,-,30,28
30.0,M,-,-,2,ATS,06,1,30,CTT,M126,P.S. 126 Jacob August Riis,,-,30,30
26.3,M,-,-,2,ATS,07,3,79,GEN ED,M126,P.S. 126 Jacob August Riis,,-,28,25
28.0,M,-,-,2,ATS,07,1,28,CTT,M126,P.S. 126 Jacob August Riis,,-,28,28
29.0,M,-,-,2,ATS,08,3,87,GEN ED,M126,P.S. 126 Jacob August Riis,,-,30,27
29.0,M,-,-,2,ATS,08,1,29,CTT,M126,P.S. 126 Jacob August Riis,,-,29,29
9.5,M,-,-,2,ATS,0K-09,2,19,SPEC ED,M126,P.S. 126 Jacob August Riis,,12:1,11,8
18.8,M,MS English Core,ENGLISH,2,STARS,MS Core,5,94,GEN ED,M126,P.S. 126 Jacob August Riis,,-,20,17
22.7,M,MS Math Core,MATH,2,STARS,MS Core,10,227,GEN ED,M126,P.S. 126 Jacob August Riis,,-,28,17
34.0,M,Integrated Algebra,MATH,2,STARS,MS Core,1,34,GEN ED,M126,P.S. 126 Jacob August Riis,,-,34,34
22.7,M,MS Science Core,SCIENCE,2,STARS,MS Core,10,227,GEN ED,M126,P.S. 126 Jacob August Riis,,-,28,17
34.0,M,Earth Science,SCIENCE,2,STARS,MS Core,1,34,GEN ED,M126,P.S. 126 Jacob August Riis,,-,34,34
23.7,M,MS Social Studies Core,SOCIAL STUDIES,2,STARS,MS Core,11,261,GEN ED,M126,P.S. 126 Jacob August Riis,,-,30,17
23.0,M,MS English Core,ENGLISH,2,STARS,MS Core,1,23,CTT,M126,P.S. 126 Jacob August Riis,,-,23,23
26.3,M,MS Math Core,MATH,2,STARS,MS Core,3,79,CTT,M126,P.S. 126 Jacob August Riis,,-,28,23
26.3,M,MS Science Core,SCIENCE,2,STARS,MS Core,3,79,CTT,M126,P.S. 126 Jacob August Riis,,-,28,23
26.3,M,MS Social Studies Core,SOCIAL STUDIES,2,STARS,MS Core,3,79,CTT,M126,P.S. 126 Jacob August Riis,,-,28,23
27.8,M,MS English Core,ENGLISH,2,STARS,09-12,6,167,GEN ED,M126,P.S. 126 Jacob August Riis,,-,30,25
27.8,M,Other English,ENGLISH,2,STARS,09-12,6,167,GEN ED,M126,P.S. 126 Jacob August Riis,,-,30,25
28.0,M,MS English Core,ENGLISH,2,STARS,09-12,2,56,CTT,M126,P.S. 126 Jacob August Riis,,-,28,28
28.0,M,Other English,ENGLISH,2,STARS,09-12,2,56,CTT,M126,P.S. 126 Jacob August Riis,,-,28,28
,M,,,2,,,,,,M126,P.S. 126 Jacob August Riis,12.3,,,
22.8,M,-,-,2,ATS,0K,5,114,GEN ED,M130,P.S. 130 Hernando De Soto,,-,23,22
28.0,M,-,-,2,ATS,0K,1,28,G&T,M130,P.S. 130 Hernando De Soto,,-,28,28
25.0,M,-,-,2,ATS,01,5,125,GEN ED,M130,P.S. 130 Hernando De Soto,,-,28,19
26.0,M,-,-,2,ATS,01,1,26,G&T,M130,P.S. 130 Hernando De Soto,,-,26,26
27.4,M,-,-,2,ATS,02,5,137,GEN ED,M130,P.S. 130 Hernando De Soto,,-,28,26
25.0,M,-,-,2,ATS,02,1,25,G&T,M130,P.S. 130 Hernando De Soto,,-,25,25
26.6,M,-,-,2,ATS,03,5,133,GEN ED,M130,P.S. 130 Hernando De Soto,,-,28,22
27.0,M,-,-,2,ATS,03,1,27,G&T,M130,P.S. 130 Hernando De Soto,,-,27,27
31.2,M,-,-,2,ATS,04,5,156,GEN ED,M130,P.S. 130 Hernando De Soto,,-,32,31
32.0,M,-,-,2,ATS,04,1,32,G&T,M130,P.S. 130 Hernando De Soto,,-,32,32
28.2,M,-,-,2,ATS,05,5,141,GEN ED,M130,P.S. 130 Hernando De Soto,,-,31,25
32.0,M,-,-,2,ATS,05,1,32,G&T,M130,P.S. 130 Hernando De Soto,,-,32,32
5.5,M,-,-,2,ATS,0K-09,2,11,SPEC ED,M130,P.S. 130 Hernando De Soto,,12:1:1,6,5
,M,,,2,,,,,,M130,P.S. 130 Hernando De Soto,18.8,,,
20.4,M,-,-,2,ATS,06,5,102,GEN ED,M131,M.S. 131,,-,29,14
25.0,M,-,-,2,ATS,06,1,25,CTT,M131,M.S. 131,,-,25,25
24.5,M,-,-,2,ATS,07,8,196,GEN ED,M131,M.S. 131,,-,29,18
19.0,M,-,-,2,ATS,07,2,38,CTT,M131,M.S. 131,,-,20,18
28.8,M,-,-,2,ATS,08,9,259,GEN ED,M131,M.S. 131,,-,33,24
27.0,M,-,-,2,ATS,08,2,54,CTT,M131,M.S. 131,,-,27,27
11.0,M,-,-,2,ATS,0K-09,1,11,SPEC ED,M131,M.S. 131,,12:1,11,11
12.0,M,-,-,2,ATS,0K-09,2,24,SPEC ED,M131,M.S. 131,,12:1:1,13,11
27.8,M,MS English Core,ENGLISH,2,STARS,MS Core,10,278,GEN ED,M131,M.S. 131,,-,33,22
25.3,M,MS Math Core,MATH,2,STARS,MS Core,22,557,GEN ED,M131,M.S. 131,,-,33,14
25.0,M,MS Science Core,SCIENCE,2,STARS,MS Core,22,551,GEN ED,M131,M.S. 131,,-,33,14
,Q,,,27,,,,,,Q096,P.S. 096,14.2,,,
24.6,M,MS Social Studies Core,SOCIAL STUDIES,2,STARS,MS Core,23,566,GEN ED,M131,M.S. 131,,-,33,14
24.0,M,MS English Core,ENGLISH,2,STARS,MS Core,5,120,CTT,M131,M.S. 131,,-,27,20
24.0,M,MS Math Core,MATH,2,STARS,MS Core,5,120,CTT,M131,M.S. 131,,-,27,20
24.0,M,MS Science Core,SCIENCE,2,STARS,MS Core,5,120,CTT,M131,M.S. 131,,-,27,20
24.0,M,MS Social Studies Core,SOCIAL STUDIES,2,STARS,MS Core,5,120,CTT,M131,M.S. 131,,-,27,20
11.3,M,MS English Core,ENGLISH,2,STARS,MS Core,4,45,SPEC ED,M131,M.S. 131,,-,13,10
11.3,M,MS Math Core,MATH,2,STARS,MS Core,3,34,SPEC ED,M131,M.S. 131,,-,13,10
11.3,M,MS Science Core,SCIENCE,2,STARS,MS Core,3,34,SPEC ED,M131,M.S. 131,,-,13,10
11.3,M,MS Social Studies Core,SOCIAL STUDIES,2,STARS,MS Core,3,34,SPEC ED,M131,M.S. 131,,-,13,10
10.0,M,English 12,ENGLISH,2,STARS,09-12,1,10,GEN ED,M131,M.S. 131,,-,10,10
18.0,M,Other Science,SCIENCE,2,STARS,09-12,1,18,GEN ED,M131,M.S. 131,,-,18,18
14.0,M,Other Social Studies,SOCIAL STUDIES,2,STARS,09-12,2,28,GEN ED,M131,M.S. 131,,-,16,12
33.0,M,Other Science,SCIENCE,2,STARS,09-12,1,33,CTT,M131,M.S. 131,,-,33,33
13.0,M,Other Social Studies,SOCIAL STUDIES,2,STARS,09-12,1,13,CTT,M131,M.S. 131,,-,13,13
,M,,,2,,,,,,M131,M.S. 131,12.9,,,
27.0,M,-,-,2,ATS,0K,1,27,GEN ED,M150,P.S. 150,,-,27,27
28.0,M,-,-,2,ATS,01,1,28,GEN ED,M150,P.S. 150,,-,28,28
27.0,M,-,-,2,ATS,02,1,27,GEN ED,M150,P.S. 150,,-,27,27
28.0,M,-,-,2,ATS,03,1,28,GEN ED,M150,P.S. 150,,-,28,28
28.0,M,-,-,2,ATS,04,1,28,GEN ED,M150,P.S. 150,,-,28,28
24.0,M,-,-,2,ATS,05,1,24,GEN ED,M150,P.S. 150,,-,24,24
,M,,,2,,,,,,M150,P.S. 150,15.4,,,
21.7,M,-,-,2,ATS,0K,3,65,GEN ED,M151,Yorkville Community School,,-,23,21
21.0,M,-,-,2,ATS,0K,1,21,CTT,M151,Yorkville Community School,,-,21,21
20.3,M,-,-,2,ATS,01,3,61,GEN ED,M151,Yorkville Community School,,-,22,19
22.0,M,-,-,2,ATS,01,1,22,CTT,M151,Yorkville Community School,,-,22,22
4.0,M,-,-,2,ATS,0K-09,1,4,SPEC ED,M151,Yorkville Community School,,12:1:1,4,4
,M,,,2,,,,,,M151,Yorkville Community School,14.4,,,
25.0,M,-,-,2,ATS,0K,4,100,GEN ED,M158,P.S. 158 Bayard Taylor,,-,26,24
24.0,M,-,-,2,ATS,0K,1,24,CTT,M158,P.S. 158 Bayard Taylor,,-,24,24
24.3,M,-,-,2,ATS,01,4,97,GEN ED,M158,P.S. 158 Bayard Taylor,,-,26,22
25.0,M,-,-,2,ATS,01,1,25,CTT,M158,P.S. 158 Bayard Taylor,,-,25,25
24.3,M,-,-,2,ATS,02,3,73,GEN ED,M158,P.S. 158 Bayard Taylor,,-,26,23
24.5,M,-,-,2,ATS,02,2,49,CTT,M158,P.S. 158 Bayard Taylor,,-,25,24
29.0,M,-,-,2,ATS,03,3,87,GEN ED,M158,P.S. 158 Bayard Taylor,,-,29,29
28.0,M,-,-,2,ATS,03,1,28,CTT,M158,P.S. 158 Bayard Taylor,,-,28,28
30.5,M,-,-,2,ATS,04,2,61,GEN ED,M158,P.S. 158 Bayard Taylor,,-,31,30
32.0,M,-,-,2,ATS,04,1,32,CTT,M158,P.S. 158 Bayard Taylor,,-,32,32
33.5,M,-,-,2,ATS,05,2,67,GEN ED,M158,P.S. 158 Bayard Taylor,,-,35,32
34.0,M,-,-,2,ATS,05,1,34,CTT,M158,P.S. 158 Bayard Taylor,,-,34,34
9.0,M,-,-,2,ATS,0K-09,2,18,SPEC ED,M158,P.S. 158 Bayard Taylor,,12:1,11,7
8.0,M,-,-,2,ATS,0K-09,1,8,SPEC ED,M158,P.S. 158 Bayard Taylor,,12:1:1,8,8
,M,,,2,,,,,,M158,P.S. 158 Bayard Taylor,14.5,,,
28.7,M,-,-,2,ATS,06,12,344,GEN ED,M167,J.H.S. 167 Robert F. Wagner,,-,33,25
26.0,M,-,-,2,ATS,06,2,52,CTT,M167,J.H.S. 167 Robert F. Wagner,,-,29,23
30.2,M,-,-,2,ATS,07,11,332,GEN ED,M167,J.H.S. 167 Robert F. Wagner,,-,33,26
27.5,M,-,-,2,ATS,07,2,55,CTT,M167,J.H.S. 167 Robert F. Wagner,,-,28,27
31.5,M,-,-,2,ATS,08,11,347,GEN ED,M167,J.H.S. 167 Robert F. Wagner,,-,33,29
27.0,M,-,-,2,ATS,08,2,54,CTT,M167,J.H.S. 167 Robert F. Wagner,,-,27,27
9.4,M,-,-,2,ATS,0K-09,5,47,SPEC ED,M167,J.H.S. 167 Robert F. Wagner,,12:1:1,12,5
29.8,M,MS English Core,ENGLISH,2,STARS,MS Core,34,1013,GEN ED,M167,J.H.S. 167 Robert F. Wagner,,-,33,24
29.8,M,MS Math Core,MATH,2,STARS,MS Core,34,1013,GEN ED,M167,J.H.S. 167 Robert F. Wagner,,-,34,24
29.8,M,MS Science Core,SCIENCE,2,STARS,MS Core,34,1013,GEN ED,M167,J.H.S. 167 Robert F. Wagner,,-,33,24
29.8,M,MS Social Studies Core,SOCIAL STUDIES,2,STARS,MS Core,34,1013,GEN ED,M167,J.H.S. 167 Robert F. Wagner,,-,33,24
25.7,M,MS English Core,ENGLISH,2,STARS,MS Core,6,154,CTT,M167,J.H.S. 167 Robert F. Wagner,,-,28,22
25.7,M,MS Math Core,MATH,2,STARS,MS Core,6,154,CTT,M167,J.H.S. 167 Robert F. Wagner,,-,28,22
25.7,M,MS Science Core,SCIENCE,2,STARS,MS Core,6,154,CTT,M167,J.H.S. 167 Robert F. Wagner,,-,28,22
25.7,M,MS Social Studies Core,SOCIAL STUDIES,2,STARS,MS Core,6,154,CTT,M167,J.H.S. 167 Robert F. Wagner,,-,28,22
11.3,M,MS English Core,ENGLISH,2,STARS,MS Core,3,34,SPEC ED,M167,J.H.S. 167 Robert F. Wagner,,-,12,10
12.0,M,MS Math Core,MATH,2,STARS,MS Core,1,12,SPEC ED,M167,J.H.S. 167 Robert F. Wagner,,-,12,12
10.0,M,MS Science Core,SCIENCE,2,STARS,MS Core,1,10,SPEC ED,M167,J.H.S. 167 Robert F. Wagner,,-,10,10
11.0,M,MS Social Studies Core,SOCIAL STUDIES,2,STARS,MS Core,2,22,SPEC ED,M167,J.H.S. 167 Robert F. Wagner,,-,12,10
,M,,,2,,,,,,M167,J.H.S. 167 Robert F. Wagner,16.6,,,
24.5,M,-,-,2,ATS,0K,4,98,GEN ED,M183,P.S. 183 Robert L. Stevenson,,-,25,24
25.0,M,-,-,2,ATS,0K,1,25,CTT,M183,P.S. 183 Robert L. Stevenson,,-,25,25
25.3,M,-,-,2,ATS,01,4,101,GEN ED,M183,P.S. 183 Robert L. Stevenson,,-,27,24
24.0,M,-,-,2,ATS,01,1,24,CTT,M183,P.S. 183 Robert L. Stevenson,,-,24,24
25.0,M,-,-,2,ATS,02,3,75,GEN ED,M183,P.S. 183 Robert L. Stevenson,,-,27,23
25.0,M,-,-,2,ATS,02,1,25,CTT,M183,P.S. 183 Robert L. Stevenson,,-,25,25
25.0,M,-,-,2,ATS,03,3,75,GEN ED,M183,P.S. 183 Robert L. Stevenson,,-,25,25
24.0,M,-,-,2,ATS,03,1,24,CTT,M183,P.S. 183 Robert L. Stevenson,,-,24,24
28.5,M,-,-,2,ATS,04,2,57,GEN ED,M183,P.S. 183 Robert L. Stevenson,,-,29,28
26.0,M,-,-,2,ATS,04,1,26,CTT,M183,P.S. 183 Robert L. Stevenson,,-,26,26
26.3,M,-,-,2,ATS,05,3,79,GEN ED,M183,P.S. 183 Robert L. Stevenson,,-,27,25
27.0,M,-,-,2,ATS,05,1,27,CTT,M183,P.S. 183 Robert L. Stevenson,,-,27,27
,M,,,2,,,,,,M183,P.S. 183 Robert L. Stevenson,13.4,,,
20.0,M,-,-,2,ATS,0K,2,40,GEN ED,M198,P.S. 198 Isador E. Ida Straus,,-,20,20
20.0,M,-,-,2,ATS,0K,1,20,CTT,M198,P.S. 198 Isador E. Ida Straus,,-,20,20
14.3,M,-,-,2,ATS,0K,3,43,G&T,M198,P.S. 198 Isador E. Ida Straus,,-,18,12
23.0,M,-,-,2,ATS,01,2,46,GEN ED,M198,P.S. 198 Isador E. Ida Straus,,-,24,22
20.0,M,-,-,2,ATS,01,1,20,CTT,M198,P.S. 198 Isador E. Ida Straus,,-,20,20
,M,,,5,,,,,,M161,P.S. 161 Pedro Albizu Campos,11.4,,,
22.0,M,-,-,2,ATS,02,3,66,GEN ED,M198,P.S. 198 Isador E. Ida Straus,,-,22,22
23.0,M,-,-,2,ATS,02,1,23,CTT,M198,P.S. 198 Isador E. Ida Straus,,-,23,23
28.0,M,-,-,2,ATS,03,2,56,GEN ED,M198,P.S. 198 Isador E. Ida Straus,,-,29,27
29.0,M,-,-,2,ATS,03,1,29,CTT,M198,P.S. 198 Isador E. Ida Straus,,-,29,29
27.0,M,-,-,2,ATS,04,2,54,GEN ED,M198,P.S. 198 Isador E. Ida Straus,,-,29,25
27.0,M,-,-,2,ATS,04,1,27,CTT,M198,P.S. 198 Isador E. Ida Straus,,-,27,27
26.0,M,-,-,2,ATS,05,2,52,GEN ED,M198,P.S. 198 Isador E. Ida Straus,,-,28,24
19.0,M,-,-,2,ATS,05,1,19,CTT,M198,P.S. 198 Isador E. Ida Straus,,-,19,19
7.5,M,-,-,2,ATS,0K-09,2,15,SPEC ED,M198,P.S. 198 Isador E. Ida Straus,,12:1:1,9,6
,M,,,2,,,,,,M198,P.S. 198 Isador E. Ida Straus,11.8,,,
27.5,M,-,-,2,ATS,0K,2,55,GEN ED,M212,P.S. 212 Midtown West,,-,28,27
27.5,M,-,-,2,ATS,01,2,55,GEN ED,M212,P.S. 212 Midtown West,,-,28,27
28.0,M,-,-,2,ATS,02,2,56,GEN ED,M212,P.S. 212 Midtown West,,-,28,28
27.5,M,-,-,2,ATS,03,2,55,GEN ED,M212,P.S. 212 Midtown West,,-,28,27
28.0,M,-,-,2,ATS,04,2,56,GEN ED,M212,P.S. 212 Midtown West,,-,28,28
27.0,M,-,-,2,ATS,05,2,54,GEN ED,M212,P.S. 212 Midtown West,,-,27,27
10.0,M,-,-,2,ATS,0K-09,1,10,SPEC ED,M212,P.S. 212 Midtown West,,12:1,10,10
4.0,M,-,-,2,ATS,0K-09,1,4,SPEC ED,M212,P.S. 212 Midtown West,,12:1:1,4,4
,M,,,2,,,,,,M212,P.S. 212 Midtown West,16.5,,,
21.5,M,-,-,2,ATS,0K,2,43,GEN ED,M217,P.S./I.S. 217 Roosevelt Island,,-,22,21
16.0,M,-,-,2,ATS,0K,1,16,G&T,M217,P.S./I.S. 217 Roosevelt Island,,-,16,16
17.5,M,-,-,2,ATS,01,2,35,GEN ED,M217,P.S./I.S. 217 Roosevelt Island,,-,18,17
20.0,M,-,-,2,ATS,01,1,20,G&T,M217,P.S./I.S. 217 Roosevelt Island,,-,20,20
