acronym,co2e_mt_calculated,finishdateactual,primaryprojecttype,projectsiteaddress,projectsitename,projectstatus,startdateactual,subtype
BPL,,,HVAC System Upgrade,,,Completed,,
BPL,15.10,28-Sep-12,Lighting System Upgrade,81 Devoe Street,Leonard Branch Library,Completed,09-Apr-12,Retrofit
BPL,11.90,28-Sep-12,Lighting System Upgrade,360 Irving Avenue,Washington Irving Branch Library,Install,14-May-12,Retrofit
BPL,117.07,,Comprehensive,280 Cadman Plaza West,Brooklyn Heights Branch Library,Cancelled,,Retrofit
BPL,135.53,23-Aug-10,Energy Audit,286 Fulton Street,Brooklyn Heights Branch Library,Completed,16-Mar-10,None
BPL,,,Other,280 Cadman Plaza West,Brooklyn Heights Branch Library,Proposed,,Retro-commissioning
BPL,,,Other,280 Cadman Plaza West,Brooklyn Heights Branch Library,Survey,,Retro-commissioning
CUNY,1632.56,,HVAC System Upgrade,2001 Oriental Blvd,Kingsborough Community College,Design,,Retrofit
CUNY,273.65,,HVAC System Upgrade,222-05 56th Avenue,"Queensborough Community College, Medical Arts Building",Install,,Retrofit
CUNY,43.32,,Comprehensive,2065 Oriental Blvd,"Kingsborough Community College, T-2 Building",Design,,Retrofit
CUNY,57.81,,Comprehensive,2111 Oriental Blvd,"Kingsborough Community College, T-2 Building",Design,,Retrofit
,76.48,,Lighting System Upgrade,,,Completed,,
CUNY,2246.61,,HVAC System Upgrade,2155 University Avenue,Bronx Community College - Phase 1 HVAC Upgrade,Design,01-Nov-10,Retrofit
,37.19,,Lighting System Upgrade,,,Completed,,
CUNY,,01-Jun-10,Other,Not applicable,CUNY Solar Mapping Project,,01-Jan-12,None
DCAS,583.63,01-Jun-09,HVAC System Upgrade,1 Centre Street,Manhattan Municipal Building,Completed,01-Apr-09,
DCAS,2060.41,,Comprehensive,,,Design,,Retrofit
DFMC,2151.65,03-Aug-11,Energy Audit,292-360 AdamsSt,Brooklyn Supreme Court,Completed,27-Oct-10,None
DCAS,,,Other,292-360 Adams Strrt,Brooklyn Supreme Court,Proposed,,Retro-commissioning
DCAS,,,Other,292-360 Adams Strrt,Brooklyn Supreme Court,Survey,,Retro-commissioning
DFMC,,,HVAC System Upgrade,,,Design,,Retrofit
DCAS,-97.69,,HVAC System Upgrade,60-80-100 Centre Street,60-80-100 Centre Street,Design,02-Mar-11,Retrofit
DCAS,48.96,19-Dec-07,Lighting System Upgrade,"BROADWAY KENT AVE & SOUTH 6TH ST   SHOPS, 390 Kent Avenue",Dfmc Shops - 390 Kent Avenue,Completed,24-May-07,Retrofit
DCAS,629.54,,Lighting System Upgrade,1 Centre Street,Municipal Building - 1 Centre Street,Install,12-Sep-11,Retrofit
DCAS,73.13,14-Jan-10,Lighting System Upgrade,Court-Joralemon Sts Bklyn Municipal Bldg,Brooklyn Municipal Bldg - 210 Joralemon St.,Completed,03-Aug-09,Retrofit
DCAS,150.25,04-Feb-10,Lighting System Upgrade,125 Worth Street,Manhattan Health Building - 125 Worth St.,Completed,03-Aug-09,Retrofit
DCAS,,29-Sep-10,Lighting System Upgrade,E 161ST ST & GRAND CONCORSE BX COUNTY CT,Bronx County Court - 851 Grand Concourse,Completed,08-Apr-10,Retrofit
DFMC,777.76,,HVAC System Upgrade,851 Grand Concourse Bronx NY,Mario Merola Building,Design,,Retrofit
DCAS,1535.73,19-Mar-12,Energy Audit,851 Grand Concourse,Mario Merola Building,Completed,31-Mar-10,None
DCAS,,,Other,851 Grand Concourse,Bronx County Court- Bin # 2002869,Survey,,Retro-commissioning
DCAS,124.90,30-Oct-11,Lighting System Upgrade,120-55 Queens Blvd,Queens Borough Hall,Completed,05-Jul-11,Retrofit
DCAS,2373.48,,HVAC System Upgrade,120-55 Queens Blvd,Queens Borough Hall,Substantially Completed,15-Apr-12,Retrofit
DCAS,,,Other,,Queens Borough Hall120-55 Queens Blvd,Survey,,Retro-commissioning
DCAS,346.23,,HVAC System Upgrade,120 Schermerhorn St,Brooklyn Central Court,Design,,Retrofit
DCAS,,,Other,120 Schermerhorn Street,Brooklyn Central Court,Survey,,Retro-commissioning
DCAS,1545.09,,HVAC System Upgrade,100 Centre Street,Manhattan Criminal Courthouse,Design,,Retrofit
DCAS,,,Other,125 White Street,Manhattan Criminal Courthouse,Survey,,Retro-commissioning
DCAS,1327.02,,Comprehensive,100 Gold Street,100 Gold Street,Install,07-Jun-12,Retrofit
DCAS,,,Other,100 Gold Street,100 Gold Street,Survey,09-Aug-11,Retro-commissioning
DCAS,71.03,09-Aug-11,Lighting System Upgrade,133-37 Centre Street,137 Centre Street,Completed,01-Mar-11,Retrofit
DCAS,1291.03,,Comprehensive,120-55 Queens Blvd. Queens NY 11415,Queens Criminal Court,Design,,Retrofit
DFMC,2129.43,31-Oct-11,Energy Audit,120-55 Queens Blvd. Queens NY 11415,Queens Criminal Court,Completed,21-Oct-10,None
DCAS,,,Other,120-55 Queens Blvd. Queens NY 11415,Queens Criminal Court,Proposed,,Retro-commissioning
MoMA,,,HVAC System Upgrade,1000 5th Ave,The Metropolitan Museum Of Art,Install,01-Jan-11,Retrofit
DCLA,308.71,,HVAC System Upgrade,881 7th Avenue,Carnegie Hall,Install,01-Jul-09,Retrofit
DCLA,143.86,10-Mar-11,HVAC System Upgrade,36-01 35th Ave,Museum Of The Moving Image,Completed,07-Nov-09,Retrofit
DCLA,111.96,30-Nov-11,HVAC System Upgrade,1220 Fifth Avenue,Museum Of The City Of New York,Install,01-May-09,Retrofit
DCLA,,,Lighting System Upgrade,Various,Interior Lighting CFLs - Various Cultural Institutions,Completed,,
DCLA,958.74,,HVAC System Upgrade,"W 77-81 Streets Columbus Ave, 200 Central Park West",American Museum Of Natural History,Install,01-Jan-11,Retrofit
DCLA,871.51,30-Dec-09,HVAC System Upgrade,,,Completed,01-Jul-08,Retrofit
DCLA,1117.96,,HVAC System Upgrade,200 Central Park West,American Museum of Natural History,Design,01-Jan-11,Retrofit
DCLA,30.67,27-Mar-12,Lighting System Upgrade,1000 Washington Avenue,Brooklyn Botanic Garden,Substantially Completed,01-Nov-11,Retrofit
DCLA,,,HVAC System Upgrade,881 7th Avenue,Carnegie Hall,Install,01-Jul-09,Retrofit
DCLA,631.14,,HVAC System Upgrade,131 West 55th Street,City Center,Substantially Completed,01-Mar-11,Retrofit
DCLA,,,Other,131 West 55th Street,City Center,Survey,09-Aug-11,Retro-commissioning
DCLA,23.30,,Lighting System Upgrade,137-35 Northern Blvd,Flushing Town Hall - 137-35 Northern Blvd,Cancelled,,Retrofit
DCLA,,,Comprehensive,161-04 Jamaica Avenue,Jamaica Center for Arts,Cancelled,01-Jan-12,Retrofit
DCLA,,,Other,18 First Place,Museum Of Jewish Heritage,Survey,,Retrofit
,,,Other,36 Battery Place,Museum Of Jewish Heritage,Survey,,Retro-commissioning
DCLA,,05-Sep-12,Lighting System Upgrade,1000 Fifth Avenue,Metropolitan Museum of Art,Substantially Completed,17-Aug-11,Retrofit
DCLA,,,Other,1000 Fifth Avenue,Metropolitan Museum of Art,Survey,,Retro-commissioning
DCLA,,,HVAC System Upgrade,1000 Fifth Avenue,Metropolitan Museum of Art,Install,20-Sep-10,Retrofit
DCLA,291.41,30-Apr-11,Lighting System Upgrade,1000 Fifth Avenue Manhattan,Metropolitan Museum,Completed,01-Apr-11,Retrofit
DCLA,219.89,,Lighting System Upgrade,"Boardwalk @ West 8th Street, 502 Surf Ave",New York Aquarium - 502 Surf Avenue,Design,,Retrofit
DCLA,69.95,22-Sep-09,Lighting System Upgrade,"NYBG WATSON DR WATSON-MUSEUM BLDG CMPLEX, 2667 Dr. Theodore Kazimiroff Boulevard",NYBG - Library Complex,Completed,28-Apr-09,Retrofit
DCLA,8.70,26-Jun-09,HVAC System Upgrade,2740 Dr. Theodore Kazimiroff Blvd,NYBG - Haupt Conservatory,Completed,28-Apr-09,Retrofit
DCLA,,,Other,2740 Dr. Theodore Kazimiroff Blvd,Haupt Conservatory,Survey,,Retro-commissioning
DCLA,0.00,,HVAC System Upgrade,"NYBG WATSON DR WATSON-MUSEUM BLDG CMPLEX, Southern Boulevard at 200th Street",NYBG - Watson Library Complex,Design,,Retrofit
DCLA,,,Other,"NYBG WATSON DR WATSON-MUSEUM BLDG CMPLEX, Southern Boulevard at 200th Street",NYBG - Watson Library Complex,Survey,,Retro-commissioning
DCLA,7.89,29-Jun-09,HVAC System Upgrade,"2800 Southern Blvd Visitor's Center, 2667 Dr. Theodore Kazimiroff Blvd",NYBG - Operations Building,Completed,28-Apr-09,Retrofit
DCLA,0.57,26-Jun-06,Lighting System Upgrade,"2800 Southern Blvd, 2670 Thoedore Kazimiroff Blvd",NYBG - Tool Shed,Completed,28-Apr-09,Retrofit
DCLA,98.31,,Lighting System Upgrade,47-00 111th Street,New York Hall Of Science - 47-01 111th Street,Design,,Retrofit
DCLA,,,HVAC System Upgrade,1000 Richmond Terrace,Snug Harbor,Design,01-Feb-11,Retrofit
DCLA,187.80,,Comprehensive,75 Stuyvesant Place,Staten Island Museum - 75 Stuyvesant Place,Design,,Retrofit
DCLA,40.43,,Lighting System Upgrade,"144 West 125th Street  NY, NY  10027",Studio Museum of Harlem,Design,,Retrofit
DCLA,53.29,,Lighting System Upgrade,"144 West 125th Street  NY, NY  10027",Studio Museum In Harlem - 144 West 125th Street,Design,,Retrofit
DCLA,134.65,,Lighting System Upgrade,"144 West 125th Street  NY, NY  10027",Studio Museum In Harlem - 144 West 125th Street,Design,,Retrofit
DCAS,265.82,23-Nov-11,Energy Audit,144 Wesst 125th Street,Studio Museum in Harlem,Completed,19-Oct-10,None
DCLA,539.56,,Lighting System Upgrade,"E. 180th Street & Devoe Ave, 2300 Southern Blvd",Bronx Zoo,Design,,Retrofit
DCLA,6026.93,,Other,"E. 180th Street & Devoe Ave, 2300 Southern Blvd",Bronx Zoo,Design,,Retrofit
BPL,832.88,,HVAC System Upgrade,10 Grand Army Plaza,Central Building,Design,,Retrofit
BPL,,31-Dec-11,Energy Audit,10 Grand Army Plaza,Central Building,Completed,27-Jan-11,None
DCAS,892.02,,Other,BETWEEN BROADWAY & PARK ROW,City Hall,Design,,Cogen
DCAS,617.90,06-Dec-11,Energy Audit,60 Centre Street New York NY,Manhattan Supreme Court,Completed,01-Jun-11,None
DCAS,,14-Dec-11,Energy Audit,280 Broadway,Sun Building,Completed,16-Aug-11,None
DCAS,,14-Dec-11,Energy Audit,2510 Thompson Avenue,Long Island City Courthouse,Completed,16-Aug-11,None
DCAS,,12-Dec-11,Energy Audit,89-17 Sutphin Boulevard,Queens Civil Court,Completed,16-Aug-11,None
DCAS,,14-Dec-11,Energy Audit,80 Centre Street,Louis J Lefkowitz Building,Completed,16-Aug-11,None
DCAS,,06-Mar-12,Energy Audit,111 Centre Street,Manhattan Civil Court,Completed,16-Aug-11,None
DCAS,69.66,19-Jan-12,Energy Audit,133-137 Centre Street,Excelsior Building,Completed,16-Aug-11,None
DCAS,-354.98,12-Dec-11,Energy Audit,125 Worth Street,Health Building,Completed,16-Aug-11,None
DCAS,,12-Dec-11,Energy Audit,215 East 161st Street,Bronx Family & Criminal Court,Completed,16-Aug-11,None
DCAS,1400.19,04-Sep-12,Energy Audit,215 East 161st Street,Staten Island Borough Hall,Completed,18-Jul-12,None
DCAS,,,Energy Audit,88-11 Sutphin Blvd,Queens Supreme Court,Completed,,None
DCAS,,,Energy Audit,60 Lafayette Street,Manhattan Family Court,Completed,,None
DCAS,42.87,,Energy Audit,165 Cadman Plaza East,Office of Energy Management Headquarters,Completed,,None
DCAS,,,Comprehensive,1118 Grand Concourse,Bronx Housing Court,Design,,Retrofit
DCAS,,24-May-11,Energy Audit,1118 Grand Concourse,Bronx Housing Court,Completed,14-Feb-11,None
DCAS,314.72,,Comprehensive,198 East 161st Street,Bronx Concourse Plaza,Design,,Retrofit
DCAS,314.72,28-Jun-11,Energy Audit,198 East 161st Street,Bronx Concourse Plaza,Completed,14-Feb-11,None
DCAS,153.01,,Comprehensive,1932 Arthur Avenue Bronx NY,Bronx Bergen Building,Design,,Retrofit
DCAS,153.01,30-Jun-11,Energy Audit,1932 Arthur Avenue Bronx NY,Bronx Bergen Building,Completed,14-Feb-11,None
DCAS,627.89,,Comprehensive,"130 Stuyvesant Pl, Staten Island",Mark A. Constantino Judicial Center,Design,,Retrofit
DCAS,627.89,05-Jul-11,Energy Audit,"130 Stuyvesant Pl, Staten Island",Mark A. Constantino Judicial Center,Completed,04-Feb-11,None
,,,Energy Audit,,,Completed,,None
DCLA,0.00,,Energy Audit,200 Eastern Parkway,Brooklyn Museum,Completed,,None
DHS,0.00,15-Feb-12,Energy Audit,500 1st Avenue,Bellevue Men's Shelter,In Progress,30-Sep-11,None
DHS,0.00,,Energy Audit,2720 Broadway,Regent Hotel Shelter,In Progress,,None
DHS,0.00,15-Feb-12,Energy Audit,1122 Franklin Avenue,Franklin Women's Shelter,In Progress,26-Oct-11,None
DHS,121.72,15-Aug-12,Energy Audit,1322 Bedford Avenue,Atlantic Avenue Men's Shelter (Armory),Completed,23-Dec-11,None
DHS,,,Energy Audit,346 Powers Avenue, PATH Office,Completed,,None
DHS,342.94,06-Feb-12,Energy Audit,216 Fort Washington Avenue New York NY,Fort Washington Armory Shelter,Completed,26-Sep-11,None
DHS,84.54,15-May-12,Energy Audit,21-10 Borden Avenue,Borden Avenue Shelter,In Progress,15-Feb-12,None
,220.79,30-Jun-12,Energy Audit,,,Completed,15-Feb-12,None
DOC,,,Lighting System Upgrade,125 White St,Manhattan Detention Complex (Bernard B. Kerik Complex),Design,,Retrofit
DOC,,30-Jun-11,Energy Audit,125 White St,Manhattan Detention Complex (Bernard B. Kerik Complex),Completed,02-Feb-11,None
DOC,,,Comprehensive,09-09 Hazen St,George R. Vierno Center,Design,12-Apr-11,Retrofit
DOC,0.00,30-Jun-11,Energy Audit,09-09 Hazen St,George R. Vierno Center,Completed,09-Feb-11,None
DOC,2021.92,,Comprehensive,16-16 Hazen St.,Otis Bantun Correctional Facility,Design,,Retrofit
DOC,2021.92,30-Jun-11,Energy Audit,16-16 Hazen St.,Otis Bantun Correctional Facility,Completed,09-Feb-11,None
,,,Energy Audit,,,Completed,,None
,,,Energy Audit,,,Completed,,None
,,,Energy Audit,,,Completed,,None
,,,Energy Audit,,,Completed,,None
DSNY,526.73,,Comprehensive,120-15 31st Ave. Queens NY,Queens 7 District Garage Annex,Design,,Retrofit
DSNY,526.73,29-Jun-12,Energy Audit,120-15 31st Ave. Queens NY,Queens 7 District Garage Annex,Completed,06-Feb-12,None
DSNY,259.46,,Comprehensive,South Street &Pier 36 New York NY 10002,Manhattan 3 Garage,Design,,Retrofit
DSNY,259.46,15-Jun-12,Energy Audit,South Street &Pier 36 New York NY 10002,Manhattan 3 District Garage,Completed,06-Feb-12,None
DSNY,60.80,,Comprehensive,1635 East 233rd St. Bronx NY,Bronx 12 District Garage,Design,,Retrofit
DSNY,60.80,21-Jun-12,Energy Audit,1635 East 233rd St. Bronx NY,Bronx 12 District Garage,Completed,06-Feb-12,None
DSNY,834.97,,Energy Audit,1824 Shore Parkway Brooklyn NY,Brooklyn  11,Completed,,None
DSNY,0.00,10-May-11,Energy Audit,105-02 Avenue,Cioffe Borough Repair Shop,Completed,24-Jan-11,None
DSNY,264.60,,Comprehensive,2 Muldoon Ave Staten Island,Staten Island 3 District,Design,,Retrofit
DSNY,264.60,10-May-11,Energy Audit,600 West Service Rd,Fresh Kills Landfill - SI 3 DG; RBS,Completed,20-Jan-11,None
DSNY,,,Lighting System Upgrade,52-35 58th St,"Queens West 2, 3, 4, 6 District Garage",Design,,Retrofit
DSNY,0.00,30-Jun-11,Energy Audit,58-00 52nd Road,"Queens West 2,3,4,6 District Garage",Completed,10-Dec-10,None
,1351.01,,Comprehensive,161 Varick Ave Brooklyn NY,Brooklyn North 1/4 District Garage,Design,,Retrofit
DSNY,1351.01,15-Jun-12,Energy Audit,161 Varick Ave. Brooklyn NY,"Brooklyn 1,4 District Garages",Completed,02-Feb-12,None
,,,Energy Audit,58-50 57th Road,,Completed,,None
DPR,102.23,,Energy Audit,1 Bronx River Pkwy,Ranaqua Garage And Shops - 1 Bronx River Pkwy,Completed,21-Feb-12,None
DPR,132.41,24-Feb-11,Energy Audit,Baisley Blvd & Merrick Blvd,Roy Wilkins Recreation Center,Completed,10-Nov-10,None
DPR,,,Lighting System Upgrade,598 Christopher Ave,Brownsville Recreation Center,Design,,Retrofit
DPR,,30-Jun-11,Energy Audit,598 Christopher Ave,Brownsville Recreation Center,Completed,16-Dec-10,None
DPR,,,Comprehensive,430 West 25th St,Chelsea Recreation Center,Design,,Retrofit
DPR,0.00,30-Jun-11,Energy Audit,430-44 West 25th Street,Chelsea Recreation Center,Completed,16-Dec-10,None
,,,Energy Audit,,,Completed,,None
FDNY,397.97,02-Jul-12,Energy Audit,Fort Totten Bayside NY,Fort Totten,Completed,06-Jun-12,None
DOE,98.81,,Comprehensive,965 Longwood Avenue,P.S.39X,Design,,Retrofit
FDNY,,02-Jul-12,Energy Audit,Randals Island New York  10035,Randals Island Fire Academy,Completed,15-Jun-12,None
HRA,267.20,,Comprehensive,413 East 120 Street,East Harlem Multi-Service Ctr,Cancelled,,Retrofit
HRA,,30-Jun-11,Energy Audit,413 East 120 Street,East Harlem Multi-Service Ctr,Completed,10-Nov-10,None
NYPD,,,Energy Audit,2820 Snyder Avenue,NYPD 67th Precinct & Eng Co 248,Completed,,None
NYPD,23.76,,Comprehensive,830 4th Avenue Brooklyn NY 11232,NYPD 72nd Precinct,Design,,Retrofit
NYPD,23.76,14-May-12,Energy Audit,830 4th Avenue Brooklyn NY 11232,NYPD 72nd Precinct,Completed,04-Jan-12,None
NYPD,42.72,15-Jun-12,Energy Audit,30 Ralph Ave Brooklyn NY,81st Precinct,Completed,06-Feb-12,None
NYPD,,,Energy Audit,235 E 21TH ST,,Completed,,None
NYPD,0.00,30-Jun-11,Energy Audit,53-15 58th Street,NYPD CRS,Completed,18-Jan-11,None
DCAS,137.50,,Energy Audit,301 Gold St,84th Precinct & Engine Company 207,Completed,,None
NYPD,113.17,11-May-11,Energy Audit,245 Glenmore Ave,Brooklyn North Narcotics Division,Completed,21-Jan-11,None
NYPD,22.92,,Comprehensive,450 CROSS BRONX EXPWY BRONX NY,48th Precinct,Design,,Retrofit
NYPD,22.92,15-Jun-12,Energy Audit,450 CROSS BRONX EXPWY BRONX NY,48th Precinct,Completed,06-Feb-12,None
NYPD,66.37,,Comprehensive,470 EAST NEW YORK AVENUE,73rd Precinct,Design,,Retrofit
NYPD,66.37,03-Apr-12,Energy Audit,470 EAST NEW YORK AVENUE,73rd Precinct,Completed,09-Jan-12,None
DEP1,,,Other,,,Install,,
DEP1,,,Other,,Dep Centrifuge Upgrade - Hunts Point Waste Water Treatment Plant,Undefined,,
DEP1,,,HVAC System Upgrade,Shore Pkwy & 66th St. Owl's Head WPCP,Dep Engine Generator Conversion - Owls Head Waste Water Treatment Plant,Undefined,,
DEP1,,,Other,,,Proposed,,Retrofit
DEP1,,,Other,,,Proposed,,Retrofit
DFTA,23.32,21-Jul-11,Lighting System Upgrade,312 E. 109th Street,Leonard Covello Senior Center,Completed,20-Jan-11,Retrofit
DFTA,30.61,,Comprehensive,312 East 109th Street,Leonard Covello Senior Center,Design,,Retrofit
ACS,105.27,30-Jun-10,HVAC System Upgrade,55 St. Anns Ave (560 Brook),Horizon Juvenile Center - 560 Brook Avenue,Completed,30-Apr-10,Retrofit
ACS,86.05,30-Jun-10,Lighting System Upgrade,17 Bristol Street,Crossroads Juvenile Center,Completed,30-Apr-10,Retrofit
DOC,,31-Jul-09,Other,,Rikers Island Co-Generation Plant 30% Design,Completed,15-Jan-08,Cogen
DOC,1834.84,01-Aug-12,HVAC System Upgrade,8 hazen st east elmhurst,Rikers Island Laundry Water Recycling System,Completed,,Retrofit
DOC,,31-Mar-10,Other,,Rikers Island Co-Generation Plant 100% Design,Design,31-Jul-09,Cogen
DOC,37546.28,,HVAC System Upgrade,,Rikers Island Co-Generation Plant Construction,Install,13-Sep-11,Cogen
DOE,235.57,05-May-09,Lighting System Upgrade,439 WEST 49TH ST,H.S. Of Graphic Communication Arts,Completed,27-Jun-08,Retrofit
DOE,123.87,25-Mar-09,Lighting System Upgrade,"CROTONA AVE & E 187TH ST GRACE DODGE VHS, 2474 Crotona Avenue",Grace H. Dodge Vocational High School,Completed,13-May-08,Retrofit
DOE,50.16,25-Mar-09,Lighting System Upgrade,"1900 SEDGWICK AVE, 1950 Sedgwick Avenue",P.S. 226X Annex,Completed,13-May-08,Retrofit
DOE,148.75,25-Mar-09,Lighting System Upgrade,1930 ANDREWS AVE,P.S. 396X / M.S. 390X,Completed,13-May-08,Retrofit
DOE,53.40,07-May-09,Lighting System Upgrade,"448 WEST 56TH ST, 444 West 56th Street",H.S. For Environmental Science,Completed,05-Sep-08,Retrofit
DOE,64.17,07-Oct-08,Lighting System Upgrade,2475 Southern Boulevard,P.S. 205A/P.S. 205B (Fiorello Laguard)/P.S. 109X,Completed,13-May-08,Retrofit
DOE,21.30,07-Oct-08,Lighting System Upgrade,2375 Southern Boulevard,P.S. 205A/P.S. 205B (Fiorello Laguard)/P.S. 109X,Completed,13-May-08,Retrofit
DOE,60.54,09-Mar-09,Lighting System Upgrade,"61 West 183rd Street, 2280 Aqueduct Avenue",P.S. 15X(Inst For Enviro)/P.S. 91X Mini/I.S. 206B (Ann Merser),Completed,13-May-08,Retrofit
DOE,74.78,09-Mar-09,Lighting System Upgrade,2220 Aqueduct Avenue,P.S. 15X(Inst For Enviro)/P.S. 91X Mini/I.S. 206B (Ann Merser),Completed,13-May-08,Retrofit
DOE,90.41,09-Mar-09,Lighting System Upgrade,2195 Andrews Ave,P.S. 15X(Inst For Enviro)/P.S. 91X Mini/I.S. 206B (Ann Merser),Completed,13-May-08,Retrofit
DOE,54.80,10-Aug-09,Lighting System Upgrade,260 West Kingsbridge Road,P.S. 246X (Poe Ctr)/P.S. 310X/Ms 118X,Completed,06-Jun-08,Retrofit
DOE,68.10,05-Feb-09,Lighting System Upgrade,"579 E. 179th St., 577 E. 179th Street",P.S. 246X (Poe Ctr)/P.S. 310X/Ms 118X,Completed,06-Jun-08,Retrofit
DOE,66.70,10-Jun-09,Lighting System Upgrade,2641 Grand Concourse,P.S. 246X (Poe Ctr)/P.S. 310X/Ms 118X,Completed,06-Jun-08,Retrofit
DOE,48.90,27-Feb-09,Lighting System Upgrade,159-15 88th Street,I.S. 207Q (Rockw Pk)/P.S. 232Q (Lindenw)/P.S. 63Q(Old South),Completed,23-Apr-08,Retrofit
DOE,43.31,27-Feb-09,Lighting System Upgrade,153-23 83rd Street,I.S. 207Q (Rockw Pk)/P.S. 232Q (Lindenw)/P.S. 63Q(Old South),Completed,23-Apr-08,Retrofit
DOE,68.80,27-Feb-09,Lighting System Upgrade,90-15 Sutter Ave,I.S. 207Q (Rockw Pk)/P.S. 232Q (Lindenw)/P.S. 63Q(Old South),Completed,23-Apr-08,Retrofit
,314.26,20-Mar-08,Lighting System Upgrade,,,Completed,,Retrofit
DOE,37.67,19-Sep-08,HVAC System Upgrade,"1314 Putnam Avenue, 2120 Raymond Avenue",P.S. 123K / P.S. 377K / P.S. 106K,Completed,06-Mar-08,Retrofit
DOE,68.80,19-Sep-08,Lighting System Upgrade,"100 Irving Avenue, 1025 Morrison Avenue",P.S. 123K / P.S. 377K / P.S. 106K,Completed,06-Mar-08,Retrofit
DOE,101.35,19-Sep-08,HVAC System Upgrade,200 Woodbine St.,P.S. 123K / P.S. 377K / P.S. 106K,Completed,06-Mar-08,Retrofit
DOE,63.66,15-May-09,Lighting System Upgrade,317 W. 52nd St.,P.S. 58M (The Man. Schl)/FK Onassis (Sch For Intl Careers),Completed,05-Sep-08,Retrofit
DOE,177.14,28-Jul-09,Lighting System Upgrade,"Address 1
INNIS ST & ST JOSEPHS AV PT RICHMOND H S, 85 St. Josephs Avenue",Port Richmond H.S.,Completed,23-Jan-09,Retrofit
DOE,445.19,18-Mar-10,Lighting System Upgrade,44-46 VERNON BOULEVARD,Bureau Of Supplies,Completed,05-Mar-09,Retrofit
DOE,89.09,13-Jan-10,Lighting System Upgrade,525 WEST 50TH STREET,Park West High School,Completed,05-Sep-08,Retrofit
DOE,179.68,30-Sep-09,Lighting System Upgrade,67-01 110th Street,Q440 - Forest Hills High School,Completed,01-May-09,Retrofit
DOE,54.99,22-Jun-10,Lighting System Upgrade,141-11 Holly Avenue,P.S. 24Q,Completed,29-Dec-09,Retrofit
DOE,53.86,08-Jul-10,Lighting System Upgrade,31-15 140th St.,P.S. 214Q,Completed,29-Dec-09,Retrofit
DOE,0.00,08-Oct-09,Lighting System Upgrade,15 Clove Alke Place,I.S. 27R,Completed,01-Jul-09,Retrofit
DOE,94.19,02-Feb-10,Lighting System Upgrade,"Academy St. & Yetman Ave., 528 Academy Avenue",Totten Intermediate School (I.S. 34R),Completed,23-Jun-09,Retrofit
DOE,92.93,02-Feb-10,Lighting System Upgrade,20 Houston St.,I.S. 51R,Completed,23-Jun-09,Retrofit
DOE,0.00,23-Dec-09,Lighting System Upgrade,445 Castleton Ave.,I.S. 61R,Completed,23-Jul-09,Retrofit
DOE,116.28,02-Feb-10,Lighting System Upgrade,101 Warren St.,I.S. 49R,Completed,23-Jun-09,Retrofit
DOE,49.28,08-Dec-11,Lighting System Upgrade,"112 Lindenwood Rd, 100 Lindenwood Rd",R008,Completed,15-Jun-11,Retrofit
,,,Other,,,Proposed,,Retro-commissioning
DOE,,,Other,"12 Lindenwood Rd, 100 Lindenwood Rd",P.S. 8R,Survey,,Retro-commissioning
DOE,1767.43,,Comprehensive,411 Pearl Street,Murry Bergtraum High School (M520),Install,25-Jan-12,Retrofit
DOE,,,Other,411 Pearl Street,Murry Bergtraum High School (M520),Survey,,Retro-commissioning
DOE,30.81,30-Jun-09,Lighting System Upgrade,1771 Popham Avenue,P.S. 109X (Sedgwick),Completed,11-May-09,Retrofit
DOE,94.85,21-Nov-11,Lighting System Upgrade,2780 Reservoir Ave @ East 196th Street,X430 Walton H.S.,Completed,10-Jan-11,Retrofit
DOE,39.81,,Lighting System Upgrade,715 East 225th Street,11X021 - 715 East 225th Street,Install,,Retrofit
DOE,59.12,01-Jul-11,Lighting System Upgrade,3352 Olinville Ave,Doe17 11X041 - 3352 Olinville Avenue,Completed,31-Dec-10,Retrofit
DOE,64.13,21-Nov-11,Lighting System Upgrade,700 East 179th Street,12X092 - 700 East 179th Street,Substantially Completed,05-Jan-11,Retrofit
DOE,128.80,31-Dec-11,Lighting System Upgrade,700 Cortelyou Road,Ko62 - 700 Cortelyou Road,Completed,11-Mar-11,Retrofit
DOE,52.42,,Lighting System Upgrade,1365 Fulton Ave,09X002 - 1365 Fulton Avenue,Install,14-Aug-12,Retrofit
DOE,71.93,30-Jun-11,Lighting System Upgrade,690 East 183rd Street,10X032 - 690 East 183rd Street,Completed,13-Dec-10,Retrofit
DOE,85.76,,Lighting System Upgrade,580 Crotona Pkwy South,09X110 - 580 Crotona Park South,Install,14-Aug-12,Retrofit
DOE,106.34,,Lighting System Upgrade,1007 Evergreen Avenue,08X152 - 1007 Evergreen Avenue,Install,,Retrofit
DOE,121.52,,Lighting System Upgrade,370 Marcy Avenue,14K380 - 370 Marcy Avenue,Install,21-Sep-12,Retrofit
DOE,93.57,15-Dec-11,Lighting System Upgrade,325 Bushwick Avenue,14K147 - 325 Bushwick Avenue,Completed,04-Jan-11,Retrofit
DOE,88.18,15-Dec-11,Lighting System Upgrade,108 Montrose Avenue,14K250 - 108 Montrose Avenue,Completed,19-Jan-11,Retrofit
DOE,153.36,20-Dec-11,Lighting System Upgrade,985 Rockaway Ave,23K275 - 985 Rockaway Avenue,Completed,11-Mar-11,Retrofit
DOE,39.64,,Lighting System Upgrade,560 Theriot Avenue,X069 - P.S. The New Vision School,Install,14-Aug-12,Retrofit
DOE,37.05,,Lighting System Upgrade,5301 20th Avenue,K121 - P.S. 121 Nelson A. Rockefeller,Install,14-Aug-12,Retrofit
DOE,54.44,,Lighting System Upgrade,31 New York Avenue,K093 - P.S. 093 William H. Prescott,Install,15-Aug-12,Retrofit
DOE,40.52,,Lighting System Upgrade,1077 Remsen Avenue,K114 - P.S. 114 Ryder Elementary,Install,14-Aug-12,Retrofit
DOE,93.69,,Comprehensive,411 Thatford Avenue,K041 - P.S. 041 Francis White,Install,16-Aug-12,Retrofit
DOE,,10-Jun-10,,411 East 76th Street,M855  M416 - Eleanor Roosevelt High School,Completed,12-May-10,O&M
DOE,23.32,,HVAC System Upgrade,345 Dean Street,Brooklyn High School of the Arts,Install,14-Jun-12,Retrofit
DOE,23.32,01-Sep-10,Energy Audit,345 Dean Street,Brooklyn High School of the Arts,Completed,18-Mar-10,None
DOE,,,Other,345 Dean Street,Brooklyn High School of the Arts,Survey,,Retro-commissioning
DOE,860.45,,Comprehensive,850 Baychester Ave,Co-op City Educational Campus,Design,,Retrofit
DOE,1042.82,02-Mar-11,Energy Audit,850 Baychester Ave,Co-op City Educational Campus,Completed,,None
DOE,,,Other,650-850 Baychester,"Co-op City (PS 153,178,180,181,455)",Survey,,Retro-commissioning
DOE,112.08,,Comprehensive,456 White Road,P.S 174X Eugene T. Maleska,Design,,Retrofit
DOE,112.08,01-Oct-10,Energy Audit,456 White Road,P.S 174X,Completed,17-Mar-10,None
DOE,,,Other,456 White Plains Road,Eugene T.Maleska Middle School,Survey,,Retro-commissioning
DOE,501.16,,Comprehensive,2055 Mapes Ave,Twin Parks Upper School,Design,01-Jul-11,Retrofit
DOE,137.68,07-Oct-10,Energy Audit,2055 Mapes Avenue,X129 Twin Parks Upper School,Completed,24-Mar-10,None
DOE,,,Other,2055 Mapes Ave,Twin Parks Upper School,Survey,,Retro-commissioning
DOE,106.04,16-Dec-10,Energy Audit,525 WEST 50TH STREET,Park West High School,Completed,16-Mar-10,None
DOE,68.25,14-Dec-11,Lighting System Upgrade,80 Underhill Ave,K009 - P.S. 9K Teunis G. Bergen School Lighting,Substantially Completed,01-Jul-11,Retrofit
DOE,2.62,,Comprehensive,80 Underhill Ave,PS 9K Teunis G. Bergen School,Design,,Retrofit
DOE,86.38,05-May-11,Energy Audit,80 Underhill Ave,K009 - PS 9K Teunis G. Bergen School,Completed,12-Oct-10,None
DOE,,,Other,80 Underhill Ave,PS 9K Teunis G. Bergen School,Survey,,Retro-commissioning
DOE,68.18,14-Dec-11,Lighting System Upgrade,142-30 Barcklay Ave.,John Bowne,Completed,12-Dec-11,Retrofit
DOE,1.50,,HVAC System Upgrade,142-30 Barcklay Ave.,John Bowne PS 20 Queens,Design,,Retrofit
DOE,291.94,19-May-11,Energy Audit,142-30 Barclay Ave,Q20 - PS 20Q John Bowne,Completed,07-Oct-10,None
DOE,,,Other,142-30 Barclay Ave,John Bowne,Survey,,Retro-commissioning
DOE,51.50,02-Jun-10,Energy Audit,58-01 136 Street,Q120 - PS 120Q,Completed,07-Oct-10,None
DOE,,,Other,58-01 136 Street,Q120 - PS 120Q,Survey,,Retro-commissioning
DOE,144.13,,Comprehensive,"46-02 47 Ave  Woodside, NY",PS 125Q - Thomas J. McCann,Design,,Retrofit
DOE,79.69,25-May-11,Energy Audit,46-02 47 Ave,Q125 - JHS 125Q Thom J. McCann Woodside,Completed,21-Oct-10,None
DOE,,,Other,46-02 47 Ave,Q125 - JHS 125Q Thom J. McCann Woodside,Proposed,,Retro-commissioning
DOE,,,Other,46-02 47 Ave,Q125 - JHS 125Q Thom J. McCann Woodside,Survey,,Retro-commissioning
DOE,168.89,,Comprehensive,,,Design,,Retrofit
DOE,147.70,03-Jun-11,Energy Audit,350 Linwook St,K302 - IS 302K Rafael Cordero Middle School,Completed,13-Oct-10,None
,,,Other,,,Proposed,,Retro-commissioning
DOE,,,Other,350 Linwook St,K302 - IS 302K Rafael Cordero Middle School,Survey,,Retro-commissioning
DOE,62.16,14-Jul-11,Energy Audit,270 West 70 Street,M199 - PS 199M Jessie Isador Straus,Completed,26-Oct-10,None
DOE,,,Other,270 West 70 Street,M199 - PS 199M Jessie Isador Straus,Survey,,Retro-commissioning
DOE,295.13,,Comprehensive,424 Leonard St,K126 - John Ericson Junior High School,Design,,Retrofit
DOE,,31-May-11,Energy Audit,424 Leonard Street,K126 John Ericsson JHS,Completed,12-Oct-10,None
DOE,,,Other,424 Leonard Street,K126 John Ericsson JHS,Proposed,,Retro-commissioning
DOE,,,Other,424 Leonard Street,K126 John Ericsson JHS,Survey,,Retro-commissioning
DOE,36.28,09-Jun-11,Energy Audit,99-01 34 Avenue,Q092 - PS 92Q,Completed,26-Oct-10,None
DOE,,,Other,99-01 34 Avenue,Q092 - PS 92Q,Survey,,Retro-commissioning
DOE,165.09,,Comprehensive,"2703 Webster Ave Bronx, NY 10458",Comprehensive Energy Audit at P.S. X-054,Design,,Retrofit
DOE,,,Energy Audit,2703 Webster Ave,X054 - IS 54,Completed,19-Oct-10,None
DOE,,,Other,2703 Webster Ave,P.S. / I.S. 54 (X054),Survey,,Retro-commissioning
DOE,7.40,27-May-11,Energy Audit,686 Linden Blvd,K135 - PS 135 Sheldon A. Brookner,Completed,13-Oct-10,None
DOE,,,Other,686 Linden Blvd,K135 - PS 135 Sheldon A. Brookner,Proposed,,Retro-commissioning
DOE,,,Other,686 Linden Blvd,K135 - PS 135 Sheldon A. Brookner,Survey,,Retro-commissioning
DOE,146.94,,Comprehensive,51 Saint Edwards St,Charles A. Dorsey PS 67,Design,,Retrofit
DOE,128.03,20-May-11,Energy Audit,51 Saint Edwards St,K067 - PS 67K Charles A. Dorsey School,Completed,28-Oct-10,None
DOE,,,Other,51 Saint Edwards St,Charles A. Dorsey PS 67,Survey,,Retro-commissioning
DOE,180.31,,Comprehensive,,,Design,,Retrofit
DOE,114.97,27-May-11,Energy Audit,250 West Houston St,M721 - PS 721 Manhattan Occupational Training Center,Completed,14-Oct-10,None
DOE,,,Other,250 West Houston Street,M721- Manhattan Occupational Training Center,Survey,,Retro-commissioning
DOE,335.91,,Comprehensive,715 Ocean Terrrace Staten Island NY,R080 - The Michael J. Petrides School,Design,10-Aug-11,Retrofit
DOE,0.00,27-May-11,Energy Audit,715 Ocean Terrrace Staten Island NY,R080 - The Michael J. Petrides School,Completed,14-Oct-10,None
DOE,,,Other,715 Ocean Terrrace,R080 - The Michael J. Petrides School,Survey,,Retro-commissioning
DOE,437.31,,Comprehensive,"557 Pennsylvania Ave  Brooklyn, NY",PS 13K - Roberto Clemente School,Design,,Retrofit
DOE,437.31,02-Jun-11,Energy Audit,557 Pennsylvania Ave,K013 PS 13K Roberto Clemente School,Completed,28-Oct-10,None
,,,Other,557 Pennsylvania Ave,Ko13-P.S. 13K Roberto Clemente School,Survey,,Retro-commissioning
DOE,379.34,,Comprehensive,"645 Main Street, Manhattan",PS 217 Roosevelt School,Design,,Retrofit
DOE,627.80,16-Mar-12,Energy Audit,645 Main Street,M217 - PS 217M,Completed,14-Oct-10,None
DOE,,,Other,645 Main Street,M217 - PS 217M Roosevelt School,Survey,,Retro-commissioning
DOE,,,Comprehensive,735 West End Avenue,PS 75M Emily Dickinson School,Design,,Retrofit
DOE,51.89,11-May-12,Energy Audit,735 West End Ave,PS 75M Emily Dickinson School,Completed,09-Feb-11,None
DOE,,,Other,735 West End Avenue,PS 75M Emily Dickinson School,Survey,,Retro-commissioning
DOE,361.17,,Comprehensive,4011 Monticello Avenue,P.S.68X The Bronx School,Design,,Retrofit
DOE,101.91,10-Nov-11,Energy Audit,4011 Monticello Avenue,PS 68X The Bronx School,Completed,03-Feb-11,None
DOE,,,Other,4011 Monticello Avenue,P.S.68X The Bronx School,Proposed,,Retro-commissioning
DOE,,,Other,4011 Monticello Avenue,P.S.68X The Bronx School,Survey,,Retro-commissioning
DOE,65.27,,Comprehensive,1400 Needham Avenue,P.S.78X Anne Hutchinson,Design,,Retrofit
DOE,65.27,28-Feb-12,Energy Audit,1400 Needham Ave,PS 78X Anne Hutchinso,Completed,02-Mar-11,None
DOE,,,Other,1400 Needham Avenue,P.S.78X Anne Hutchinson,Survey,,Retro-commissioning
DOE,125.56,,Comprehensive,3740 Baychester Avenue,P.S.111X Seton Falls School,Design,,Retrofit
DOE,269.10,13-Apr-12,Energy Audit,3740 Baychester Avenue,P.S.111X Seton Falls School,Completed,03-Mar-11,None
DOE,,,Other,3740 Baychester Avenue,P.S.111X Seton Falls School,Proposed,,Retro-commissioning
DOE,,,Other,3740 Baychester Avenue,P.S.111X Seton Falls School,Survey,,Retro-commissioning
DOE,31.68,,Comprehensive,1925 Schieffelin Avenue, P.S.112X The Bronxwood School,Design,,Retrofit
DOE,31.68,03-May-12,Energy Audit,1925 Schieffelin Avenue, P.S.112X The Bronxwood School,Completed,21-Apr-11,None
DOE,,,Other,1925 Schieffelin Avenue,P.S.112X The Bronxwood School,Survey,,Retro-commissioning
DOE,102.28,,Comprehensive,1111 Pugsley Avenue,J.H.S.125X Henry Hudson Middle School,Design,,Retrofit
DCAS,102.28,17-Apr-12,Energy Audit,1111 Pugsley Avenue,J.H.S.125X Henry Hudson Middle School,Completed,24-Feb-11,None
DOE,,,Other,1111 Pugsley Avenue,J.H.S.125X Henry Hudson Middle School,Proposed,,Retro-commissioning
DOE,,,Other,1111 Pugsley Avenue,J.H.S.125X Henry Hudson Middle School,Survey,,Retro-commissioning
DOE,38.28,,Comprehensive,1560 Purdy Avenue,J.H.S.127X The Castle Hill,Design,,Retrofit
DOE,38.28,17-Apr-12,Energy Audit,1560 Purdy Avenue,J.H.S.127X The Castle Hill,Completed,24-Feb-11,None
DOE,,,Other,1560 Purdy Avenue,J.H.S.127X The Castle Hill,Survey,,Retro-commissioning
DOE,95.10,,Comprehensive,885 Bolton Avenue,I.S.131X Albert Einstein,Design,,Retrofit
DOE,95.10,12-Apr-12,Energy Audit,885 Bolton Avenue,I.S.131X Albert Einstein,Completed,16-Feb-11,None
DOE,,,Other,885 Bolton Avenue,I.S.131X Albert Einstein,Survey,,Retro-commissioning
DOE,268.40,,Comprehensive,3750 Baychester Avenue,J.H.S.142X John Philip Sousa Middle School,Design,,Retrofit
DOE,254.33,03-Apr-12,Energy Audit,3750 Baychester Avenue,J.H.S.142X John Philip Sousa Middle School,Completed,03-Mar-11,None
DOE,,,Other,3750 Baychester Avenue,J.H.S.142X John Philip Sousa Middle School,Survey,,Retro-commissioning
DOE,64.16,,Comprehensive,4305 Fort Hamilton Parkway,P.S.131K,Design,,Retrofit
DOE,64.16,23-May-12,Energy Audit,4305 Fort Hamilton Parkway,P.S.131K,Completed,09-Feb-11,None
DOE,,,Other,4305 Fort Hamilton Parkway,P.S.131K,Survey,,Retro-commissioning
DOE,80.52,,Comprehensive,209 York Street,P.S.307K Daniel Hale Williams School,Design,,Retrofit
DOE,55.70,23-Nov-11,Energy Audit,209 York Street,P.S.307K Daniel Hale Williams School,Completed,03-Feb-11,None
DOE,,,Other,209 York Street,P.S.307K Daniel Hale Williams SchoolP.S.307K Daniel Hale Williams School,Survey,,Retro-commissioning
DOE,154.19,,Comprehensive,101 Walton Street, I.S.318K Eugenio Maria De Hostos School,Design,,Retrofit
DOE,345.38,12-Aug-11,Energy Audit,101 Walton Street, I.S.318K Eugenio Maria De Hostos School,Completed,08-Feb-11,None
DOE,,,Other,101 Walton Street, I.S.318K Eugenio Maria De Hostos School,Survey,,Retro-commissioning
DOE,29.34,,Comprehensive,147-36 26th Avenue,P.S.21Q Edward Hart School,Design,,Retrofit
DOE,29.34,15-May-12,Energy Audit,147-36 26th Avenue,P.S.21Q Edward Hart School,Completed,02-Mar-11,None
DOE,,,Other,147-36 26th Avenue,P.S.21Q Edward Hart School,Survey,,Retro-commissioning
DOE,229.15,,Comprehensive,144-39 Gravett Road,P.S.219Q Paul Klapper,Design,,Retrofit
DOE,204.58,04-Apr-12,Energy Audit,144-39 Gravett Road,P.S.219Q Paul Klapper,Completed,15-Feb-11,None
DOE,,,Other,144-39 Gravett Road,P.S.219Q Paul Klapper,Survey,,Retro-commissioning
DOE,170.25,,Comprehensive,88-15 182nd Street,I.S.238Q Susan B Anthony School,Design,,Retrofit
DOE,170.25,21-May-12,Energy Audit,88-15 182nd Street,I.S.238Q Susan B Anthony School,Completed,17-Feb-11,None
DOE,,,Other,88-15 182nd Street,I.S.238Q Susan B Anthony School,Survey,,Retro-commissioning
DOE,87.37,,Comprehensive,65 Court Street,DOE Offices,Design,,Retrofit
DOE,81.66,22-Nov-11,Energy Audit,65 Court Street,DOE Offices,Completed,17-Feb-11,None
DOE,,,Other,65 Court Street,DOE Offices,Survey,,Retro-commissioning
DOE,161.31,,Comprehensive,586 West 117th Street,Alexander Humboldt,Design,,Retrofit
DOE,0.00,13-Feb-12,Energy Audit,586 West 117th Street,Alexander Humboldt,Completed,10-Feb-11,None
DOE,,,Other,586 West 117th Street,Alexander Humboldt,Survey,,Retro-commissioning
DOE,73.31,,Comprehensive,1500 East 92 Street,P.S. 115 Daniel Mucatel School,Design,,Retrofit
DOE,73.31,,Energy Audit,"1500 E 92 Street Brooklyn, NY",The Daniel Muctatel School,Completed,,None
DOE,,,Other,1500 East 92 Street,P.S. 115 Daniel Mucatel School,Survey,,Retro-commissioning
DOE,,,Comprehensive,370 Fountain Avenue,J.H.S. 218 James P. Sinnott,Design,,Retrofit
,101.97,,Energy Audit,370 Fountain Avenue,J.H.S. 218 James P. Sinnott,Completed,,None
DOE,,,Other,370 Fountain Avenue,J.H.S. 218 James P. Sinnott,Survey,,Retro-commissioning
DOE,133.20,,Lighting System Upgrade,1023 New York Avenue,P.S. 181 Brooklyn,Design,,Retrofit
DOE,133.20,07-May-12,Energy Audit,1023 New York Avenue,P.S. 181 Brooklyn,Completed,06-Apr-11,None
DOE,,,Other,1023 New York Avenue,P.S. 181 Brooklyn,Survey,,Retro-commissioning
DOE,152.74,,Lighting System Upgrade,509 West 129th Street,J.H.S.43M,Design,,Retrofit
DOE,51.39,04-May-12,Energy Audit,509 West 129th St,JHS 43M,Completed,13-Apr-11,None
DOE,,,Other,509 West 129th Street,J.H.S.43M,Survey,,Retro-commissioning
DOE,,,Comprehensive,443 West 135 Street,A. Philip Randolph Campus High School,Design,,Retrofit
DOE,0.00,15-May-12,Energy Audit,443 West 135 Street,A. Philip Randolph Campus High School,Completed,10-Feb-11,None
DOE,,,Other,443 West 135 Street,A. Philip Randolph Campus High School,Survey,,Retro-commissioning
DOE,,,Comprehensive,511 7th Avenue,"P.S.10K Magnet School of Math, Science and Design Technology",Design,,Retrofit
DOE,97.50,03-May-12,Energy Audit,145 Stanton St,M025 Marta Valle Secondary School,Completed,19-Apr-11,None
DOE,53.91,17-May-12,Energy Audit,511 Seventh Ave,"PS 10K Magnet School of Math, Science and Design Technology",Completed,06-Apr-11,None
DOE,,,Other,511 7th Avenue,"P.S.10K Magnet School of Math, Science and Design Technology",Survey,,Retro-commissioning
DOE,75.09,,Comprehensive,70 Thompkins Avenue,I.S.33K Mark Hopkins Junior High School,Design,,Retrofit
DOE,75.09,10-Nov-11,Energy Audit,70 Thompkins Avenue,I.S.33K Mark Hopkins Junior High School,Completed,08-Feb-11,None
DOE,,,Other,70 Thompkins Avenue,I.S.33K Mark Hopkins Junior High School,Survey,,Retro-commissioning
DOE,90.78,,Comprehensive,990 Dekalb Avenue,P.S.81K Thaddeus Stevens School,Design,,Retrofit
DOE,79.84,09-Feb-12,Energy Audit,990 Dekalb Avenue,PS 81K Thaddeus Stevens School,Completed,07-Apr-11,None
DOE,,,Other,990 Dekalb Avenue,P.S.81K Thaddeus Stevens School,Survey,,Retro-commissioning
DOE,,,Lighting System Upgrade,4812 9th Avenue,J.H.S.220K John J. Pershing,Design,,Retrofit
DOE,48.90,14-Feb-12,Energy Audit,4812 9th Ave,K220 JHS 220K John J. Pershing,Completed,07-Apr-11,None
DOE,,,Other,4812 9th Avenue,J.H.S.220K John J. Pershing,Survey,,Retro-commissioning
DOE,,,Lighting System Upgrade,410 East 100th Street,Academy of Environmental Science Secondary HS / Renaissance School of the Arts,Design,,Retrofit
DOE,79.16,08-May-12,Energy Audit,410 East 100th Street,M099 Academy of Environmental Science Secondary Shool,Completed,14-Apr-11,None
,,,Other,410 East 100th Street,Academy of Environmental Science Secondary HS / Renaissance School of the Arts,Survey,,Retro-commissioning
DOE,87.93,,Lighting System Upgrade,111 Columbia Street,New Explorations into Science Technology and Math (NEST) High School,Design,,Retrofit
DOE,112.19,14-May-12,Energy Audit,111 Columbia St,M022 New Explorations into Science Technology and Math High School,Completed,19-Apr-11,None
DOE,,,Other,111 Columbia Street,New Explorations into Science Technology and Math (NEST) High School,Survey,,Retro-commissioning
DOE,0.00,,Lighting System Upgrade,2111 Crotona Avenue,P.S. 057 Crescent,Design,,Retrofit
DOE,44.22,14-May-12,Energy Audit,2111 Crotona Avenue,PS 057 Crescent,Completed,21-Apr-11,None
DOE,,,Other,2111 Crotona Avenue,P.S. 057 Crescent,Survey,,Retro-commissioning
DOE,145.35,,Lighting System Upgrade,1449 Shakespeare Avenue,P.S. 199X The Shakespeare School,Design,,Retrofit
DOE,84.79,17-May-12,Energy Audit,1449 Shakespeare Avenue,PS 199X The Shakespeare School,Completed,20-Apr-11,None
DOE,,,Other,1449 Shakespeare Avenue,P.S. 199X The Shakespeare School,Survey,,Retro-commissioning
DOE,223.80,,HVAC System Upgrade,760 Prospect Place,P.S. 138 Brooklyn,Design,,Retrofit
DOE,0.00,15-Jun-12,Energy Audit,801 Park Place,PS 138K Brooklyn,Completed,12-Apr-11,None
DOE,,,Other,760 Prospect Place,P.S. 138 Brooklyn,Survey,,Retro-commissioning
DOE,156.59,,Lighting System Upgrade,1300 Greene Avenue,J.H.S. 383 Philippa Schuyler,Design,,Retrofit
DOE,156.59,07-May-12,Energy Audit,1300 Greene Av,K383 JHS 383 Philippa Schuyler,Completed,12-Apr-11,None
DOE,,,Other,1300 Greene Avenue,J.H.S. 383 Philippa Schuyler,Survey,,Retro-commissioning
DOE,8.93,,Lighting System Upgrade,1075 Ocean View Avenue,The Eileen E. Zaglin,Design,,Retrofit
DOE,8.93,14-Feb-12,Energy Audit,1075 Oceanview,K225 The Eileen E. Zaglin,Completed,13-Apr-11,None
DOE,,,Other,1075 Ocean View Avenue,The Eileen E. Zaglin,Survey,,Retro-commissioning
DOE,,,Lighting System Upgrade,80 Maple Parkway,P.S. 044 Thomas C. Brown,Design,,Retrofit
DOE,68.44,08-May-12,Energy Audit,80 Maple Parkway,PS 044R Thomas C. Brown,Completed,27-Apr-11,None
DOE,,,Other,80 Maple Parkway,P.S. 044 Thomas C. Brown,Survey,,Retro-commissioning
DOE,96.31,,Lighting System Upgrade,145 Stanton Street,Marta Valle Secondary School,Design,,Retrofit
DOE,,,Other,145 Stanton Street,Marta Valle Secondary School,Survey,,Retro-commissioning
DOE,146.57,,Lighting System Upgrade,32 West 92 Street,P.S. 084 Lillian Weber,Design,,Retrofit
DOE,66.56,08-May-12,Energy Audit,32 West 92nd St,PS 084M Lillian Weber,Completed,14-Apr-11,None
DOE,,,Other,32 West 92 Street,P.S. 084 Lillian Weber,Survey,,Retro-commissioning
DOE,76.78,17-Apr-12,Energy Audit,965 Longwood Avenue,P.S.39X,Completed,16-Feb-11,None
,,,Other,965 Longwood Avenue,P.S.39X,Survey,,Retro-commissioning
DOE,495.79,,Comprehensive,37-02 47th Avenue,Queens Vocational and Technical High School,Design,,Retrofit
DOE,141.00,19-Apr-12,Energy Audit,37-02 47th Avenue,Queens Vocational and Technical High School,Completed,15-Feb-11,None
,,,Other,37-02 47th Avenue,Queens Vocational and Technical High School,Survey,,Retro-commissioning
DOE,29.57,04-Apr-12,Energy Audit,225 West 24th St,Fashion Industries High School,Completed,20-Apr-11,None
DOE,,,Other,225 West 24th St,M600 - Fashion Industries HS,Survey,,Retro-commissioning
DOE,,30-Jun-11,Other,475 West 155th Street,M028 - P.S. 028 Wright Brothers,Design,01-Apr-11,Retrofit
DOE,0.00,,Energy Audit,1600 Park Place,K191 Paul Robeson,In Progress,14-Aug-12,None
,,,Other,1600 Park Place,K191 Paul Robeson,Survey,,Retro-commissioning
DOE,,,Energy Audit,1037 East 54th Street,K 251 Paerdegat,In Progress,14-Aug-12,None
DOE,,,Other,1037 East 54th Street,K 251 Paerdegat,Survey,,Retro-commissioning
DOE,0.00,,Energy Audit,1070 East 83rd Street,K276 Louis Marshall,In Progress,18-Jul-12,None
DOE,,,Other,1070 East 83rd Street,K276 Louis Marshall,Survey,,Retro-commissioning
DOE,0.00,,Energy Audit,1076 East 104th Street,K279 - Herman Schreiber,In Progress,18-Jul-12,Retrofit
DOE,,,Other,1076 East 104th Street,K279 - Herman Schreiber,Survey,,Retro-commissioning
DOE,0.00,,Energy Audit,50 Navy Street,K287- Bailey K. Ashford,In Progress,21-Aug-12,None
DOE,0.00,10-Sep-12,Other,50 Navy Street,K287- Bailey K. Ashford,Survey,10-Aug-12,Retro-commissioning
DOE,0.00,,Energy Audit,180 Seventh Avenue,K321- William Penn,In Progress,21-Aug-12,None
DOE,,,Other,180 Seventh Avenue Brooklyn NY,Wm Penn ES,Survey,,Retro-commissioning
DOE,0.00,,Energy Audit,2929 West 30th Street,K329- Surfside,Survey,08-Aug-12,None
DOE,0.00,,Other,2929 West 30th Street,K329- Surfside,Survey,,Retro-commissioning
DOE,,,Energy Audit,257 North 6th Street,K650 - Harry Vanarsdale Vocational HS,In Progress,08-Aug-12,None
DOE,,,Other,257 North 6th Street,K650 - Harry Vanarsdale Vocational HS,Survey,,Retro-commissioning
DOE,,,Energy Audit,179 1st Avenue,M019- PS 019- Asher Levy,In Progress,,None
,,,Other,179 1st Avenue,M019- PS 019- Asher Levy,Survey,,Retro-commissioning
DOE,,,Energy Audit,475 West 155th Street,M028- PS 28- Wright Brothers,In Progress,,None
DOE,,,Energy Audit,103 W 107th Street,M054- JHS 054- Booker T. Washington,In Progress,,None
DOE,,,Energy Audit,54-25 Skillman Avenue,Q011- PS 011- Kathryn Phelan,In Progress,,None
DOE,,,Energy Audit,85-15 258th Street,Q191 Mayflower,In Progress,,None
DOE,,,Energy Audit,75-25 Bell Blvd,Q205 - PS 205 Alexander Graham Bell,In Progress,,None
DOE,,,Energy Audit,190 Beach 110th Street,Q225 - PS 225 - Seaside School,In Progress,,None
DOE,0.00,,Energy Audit,55 Layton Avenue,R031 - PS 031 William T. Davis,In Progress,,None
DOE,0.00,,Energy Audit,55 Layton Avenue,R052 - PS 052 - John C. Thompson,In Progress,,None
DOE,0.00,,Energy Audit,2750 Lafayette Avenue,X101- MS X101- Edward R. Byrne,Completed,15-Aug-12,None
DOE,0.00,,Energy Audit,2750 Throop Avenue Bronx NY,X121- PS 121- Throop,In Progress,02-Aug-12,None
DOE,0.00,,Energy Audit,2441 Wallace Avenue Bronx NY,X135- IS 135,In Progress,02-Aug-12,None
DOE,0.00,,Energy Audit,240 2nd Avenue,M661,In Progress,09-Aug-12,Retrofit
DOHMH,,,Other,447 First Avenue,Public Health Lab,Survey,09-Aug-11,Retro-commissioning
DOHMH,51.79,21-Jun-12,Lighting System Upgrade,158 East 115th Street,East Harlem Health Care Center,Substantially Completed,26-Mar-12,Retrofit
DOHMH,,,Other,158 East 115th Street,East Harlem Health Care Center,Proposed,,Retro-commissioning
DOHMH,,,Other,158 East 115th Street,East Harlem Health Care Center,Survey,09-Aug-11,Retro-commissioning
DOHMH,45.96,,HVAC System Upgrade,1826 Arthur Avenue,Tremont Health Center - 1826 Arthur Avenue,Completed,,Retrofit
DOHMH,28.02,,HVAC System Upgrade,2238 Fifth Avenue,Central Harlem Health Center - 2238 5th Avenue,Cancelled,,Retrofit
DSNY,234.06,02-Jun-09,Lighting System Upgrade,"105-02 AVENUE   BROOKLYN DIST 17/18 GAR, 105-09 Avenue D",Brooklyn District 17/18 Garage,Completed,05-Sep-08,Retrofit
DSNY,119.18,02-Jun-09,Lighting System Upgrade,"807 EAST 175TH STREET, 800 East 176th Street",Bronx East 6 Garage,Completed,17-Sep-08,Retrofit
DSNY,501.40,12-May-10,Lighting System Upgrade,75-05 WINCHESTER BLVD  DIST 11/13 GARAGE,"Q 11/13A, Q 7,Q 13",Completed,15-Jun-09,Retrofit
DSNY,151.64,13-May-10,Lighting System Upgrade,1635 East 233rd St. Bronx NY,Bronx 12 District Garage,Completed,24-Jul-09,Retrofit
DSNY,22.22,13-May-10,Lighting System Upgrade,680  East 132nd Street,3A,Completed,24-Jul-09,Retrofit
DSNY,23.85,13-May-10,Lighting System Upgrade,1331 Cromwell Ave,Bx 5 District Garage,Completed,24-Jul-09,Retrofit
DSNY,366.78,07-Jan-10,Lighting System Upgrade,640 West 26th Street,26th Street Repair Garage,Completed,25-Jun-09,Retrofit
DSNY,,,Other,640 West 26th Street,26th Street Repair Garage,Survey,,Retro-commissioning
DSNY,108.41,12-May-10,Lighting System Upgrade,5100 1st Ave,"Bklyn 8, Bklyn 7/10 District Garages",Substantially Completed,26-Jun-09,Retrofit
DSNY,44.39,12-May-10,Lighting System Upgrade,"1760 Atlantic Ave, 1755 Pacific Street","Bklyn 8, Bklyn 7/10 District Garages",Completed,26-Jun-09,Retrofit
DSNY,104.80,28-Sep-11,Lighting System Upgrade, 539 Jersey St.,Staten Island 1,Completed,31-May-11,Retrofit
DSNY,123.92,28-Sep-11,Lighting System Upgrade,2500 RICHMOND AVENUE     STATEN ISLAND, Staten Island 2 District Garages,Completed,31-May-11,Retrofit
DSNY,19.30,,Lighting System Upgrade,800-850 Zerega Avenue,Bx-11 - 800 Zerega Avenue,Install,,Retrofit
DSNY,30.86,,HVAC System Upgrade,52-07 58th Street,Queens North Borough Repair Shop - 52-07 58th Street,Install,02-Jul-12,Retrofit
DSNY,73.00,,Lighting System Upgrade,58-02 48th Street,Q5 - 48-01 58th Road,Install,16-May-12,Retrofit
DSNY,15.64,,Lighting System Upgrade,58-01 48th Street Queens NY 11378,48-01 58th Road Queens NY  11378,Install,,Retrofit
DSNY,150.44,,HVAC System Upgrade,58-73 53rd Avenue,Betts Avenue Boiler Room - 57-73 53rd Avenue,Substantially Completed,14-May-12,Retrofit
DSNY,148.09,26-Apr-11,HVAC System Upgrade,106-01 Avenue D,Cioffe Borough Shop - 106-01 Avenue D,Completed,15-Nov-10,Retrofit
DSNY,147.02,10-Jun-10,HVAC System Upgrade,640 West 26th St,Manhattan Borough Repair Shop,Completed,11-May-10,Retrofit
DSNY,714.85,30-Jun-12,HVAC System Upgrade,640 West 26th St.,Manhattan Borough Repair Shop,Substantially Completed,12-Mar-12,Retrofit
DSNY,103.74,11-Feb-11,Lighting System Upgrade,44 Beaver Street,44 Beaver Street,Completed,03-Dec-10,Retrofit
DSNY,22.52,22-Feb-12,Other,1397 Ralph Avenue,Brooklyn South 14 - Photovoltaic,Substantially Completed,31-Oct-11,Photovoltaic
DSNY,22.21,22-Feb-12,Other,153-67 146th Avenue,Queens 3 East - Photovoltaic,Substantially Completed,30-Nov-11,Photovoltaic
DSNY,90.62,31-Dec-11,Lighting System Upgrade,58-73 53rd Avenue,Betts Avenue Boiler Room,Install,01-Apr-11,Retrofit
DSNY,82.55,13-May-10,Lighting System Upgrade,423 West 215th St.,Bx 7/8,Completed,24-Jul-09,Retrofit
DOT,263.59,,HVAC System Upgrade,654 West 158th Street,Fleet Services Shop,Substantially Completed,04-Apr-12,Retrofit
,,,Other,654 West 158th Street,Fleet Services Shop,Proposed,,Retro-commissioning
,,,Other,654 West 158th Street,Fleet Services Shop,Survey,09-Aug-11,Retro-commissioning
DOT,136.37,31-Aug-11,Lighting System Upgrade,1 Bay Street,Ferry Maintenance Facility,Completed,10-Jan-11,Retrofit
DOT,312.65,,Comprehensive,1 Bay Street,Ferry Maintenance Facility - 1 Bay Street,Install,30-Mar-12,Retrofit
DOT,24.23,05-Nov-11,Lighting System Upgrade,5 Dubois Avenue,5 Dubois Avenue,Completed,15-Jul-11,Retrofit
DOT,22.70,22-Feb-12,Other,88-20 Pitkin Ave and Linden Blvd,Sunrise Yard,Substantially Completed,24-Oct-11,Photovoltaic
DPR,,,HVAC System Upgrade,,Randall's Island 5 Borough Complex,Design,,Retrofit
DPR,379.19,05-Aug-11,Energy Audit,1 E 99th Street,Randall's Island 5 Borough Complex,Completed,06-Oct-10,None
DPR,,,Other,1 Randalls Island,5 Boro,Proposed,,Retro-commissioning
DPR,,,Other,1 Randalls Island,5 Boro,Survey,,Retro-commissioning
DPR,40.00,01-Apr-08,Lighting System Upgrade, 3 Clarkson Street,Tony Dapolito Recreational Center,Completed,04-Oct-07,Retrofit
DPR,60.75,01-Apr-08,Lighting System Upgrade,1251 PROSPECT PLACE,St. John's Recreation Center,Completed,04-Oct-07,Retrofit
,,,HVAC System Upgrade,,,Cancelled,,
DPR,267.33,,Comprehensive,450 St. Ann's Avenue,St. Mary's Rec Center,Install,06-Jan-12,Retrofit
DPR,12.83,,Comprehensive,450 St. Ann's Avenue,St. Mary's Rec Center,Install,,Solar Thermal
DPR,,,Other,450 St. Ann's Avenue,St. Mary's Rec Center,Proposed,,Retro-commissioning
DPR,0.00,,Other,450 St. Ann's Avenue,St. Mary's Rec Center,Completed,,Retro-commissioning
DPR,69.55,,Lighting System Upgrade,"76 Central Park, 830 5th Avenue",Central Park Zoo,Design,,Retrofit
DPR,247.36,,Comprehensive,"76 Central Park, 830 5th Avenue",Central Park Zoo,Design,,Retrofit
DPR,54.15,29-Sep-11,Lighting System Upgrade, 1 Bronx River Pkwy,Ranaqua Garage And Shops - 1 Bronx River Pkwy,Completed,10-Jan-11,Retrofit
DPR,27.43,19-Mar-12,Lighting System Upgrade,89 Bradhurst Avenue,Jackie Robinson Recreation Center,Substantially Completed,11-Oct-11,Retrofit
DCLA,,31-May-11,Lighting System Upgrade,Flushing Meadows Corona Park,Queens Museum,Cancelled,08-Apr-11,Retrofit
DPR,727.96,,Other,Flushing Meadows Park,Flushing Meadows Aquatic Center,Survey,,Cogen
NYCEDC,209.72,,HVAC System Upgrade,Conover & Pioneer Street,Brooklyn Cruise Terminal,Design,,Retrofit
FDNY,25.27,30-Jul-09,Lighting System Upgrade,1201 GRAND ST,Engine Company 206,Completed,27-Mar-09,Retrofit
FDNY,33.08,15-Sep-09,Lighting System Upgrade,"301 Gold Street, 172 Tillary Street",Engine Company 207,Completed,27-Mar-09,Retrofit
FDNY,11.52,24-Jun-09,Lighting System Upgrade,1781 Monroe Avenue,Engine Company 42 & Ladder 56,Completed,27-Mar-09,Retrofit
FDNY,27.45,10-Jul-09,Lighting System Upgrade,925 E TREMONT AVE,Engine Company 45 & Ladder 58,Completed,27-Mar-09,Retrofit
FDNY,30.63,05-Dec-11,Lighting System Upgrade,"720 Melrose Ave Bronx, NY",Energy Efficient lighting at FDNY-Engine Company 71,Completed,08-Sep-11,Retrofit
FDNY,253.34,21-Oct-10,Lighting System Upgrade,48-34 35th Street,Fleet Services R&T Building - 48-34 35th Street,Completed,06-May-10,Retrofit
FDNY,13.74,30-Sep-11,Lighting System Upgrade,32 Ralph Avenue,Engine Company 222,Completed,29-Aug-11,Retrofit
FDNY,3.41,,HVAC System Upgrade,16-15 Central Avenue,Engine Company 264,Design,,Solar Thermal
FDNY,3.72,,HVAC System Upgrade,48-06 Rockaway Beach,Engine Company 265,Design,,Solar Thermal
FDNY,1.70,,HVAC System Upgrade,92-20 Rockaway Beach,Engine Company 266,Design,,Solar Thermal
FDNY,3.34,,HVAC System Upgrade,259 116 Street,Engine Company 268,Design,,Solar Thermal
FDNY,1.70,,HVAC System Upgrade,402 Beach 169 Street,Engine Company 329,Design,,Solar Thermal
FDNY,15.94,31-Dec-11,Lighting System Upgrade,259 Beach 116 Street,Engine Company 268,Substantially Completed,01-Jul-11,Retrofit
FDNY,45.41,30-Sep-11,Lighting System Upgrade,26 Hooper Street, Engine Co. 211- Lighting Upgrade,Completed,01-Apr-11,Retrofit
FDNY,13.51,24-Feb-12,Other,48-34 35th Street,R&T Repair Shop,Substantially Completed,16-Dec-11,Photovoltaic
FDNY,18.02,23-Mar-12,Other,1100 Rossville Ave,Engine Company 168 / Emergency Maintenance Station 22,Substantially Completed,16-Dec-11,Photovoltaic
HHC,4022.55,,HVAC System Upgrade,2601 Ocean Pkwy Brooklyn NY,Coney Island Hospital Boilers,Install,,Retrofit
HHC,,,Energy Audit,,,Completed,,None
HHC,152.33,17-Oct-08,Lighting System Upgrade,1223 GERARD AVENUE MORRISANIA N F C CNTR,Morrisania Diagnostic & Treatment Ctr,Completed,13-May-08,Retrofit
HHC,9521.89,,Comprehensive,"1901 1st Avenue  New York, NY 10029",Metropolitan Hospital,Design,,Retrofit
HHC,,,Energy Audit,"1901 1st Avenue  New York, NY 10029",Metropolitan Hospital,Completed,,None
HHC,6459.37,,Comprehensive,"79-01 Broadway  Elmhurst, NY  11373",Elmhurst Hospital Center,Design,,Retrofit
HHC,,,Energy Audit,"79-01 Broadway  Elmhurst, NY  11373",Elmhurst Hospital Center,Completed,,None
HHC,1763.80,03-Feb-12,Energy Audit,"760 Broadway, Brooklyn",Woodhull Hospital,Completed,03-Aug-11,None
HRA,83.86,06-May-11,Lighting System Upgrade,33-28 to 34-08 Northern Blvd,Human Resources Administration - 33-28 Northern Blvd,Completed,15-Dec-10,Retrofit
NYPD,98.39,02-Dec-11,Lighting System Upgrade,53-15 5bth Street,NYPD Central Repair Shop,Completed,12-Sep-11,Retrofit
HRA,126.43,27-Apr-11,Lighting System Upgrade,109 East 16th Street,Human Resources Administration - 109 East 16th Street,Completed,03-Jan-11,Retrofit
HRA,67.82,10-Sep-10,Lighting System Upgrade,"731 Flushing Avenue, 30 Thornton Street",Human Resources Administration - 30 Thornton Street,Completed,12-Jul-10,Retrofit
HRA,92.81,31-Oct-11,Lighting System Upgrade,"260 11th Avenue, 246 11th Avenue",Human Resources Administration - 260 11th Avenue,Completed,12-Sep-11,Retrofit
HRA,23.19,,Lighting System Upgrade,1420 Burswick Ave,Bushwick Multi Service Center,Design,,Retrofit
HRA,23.19,03-Jun-11,Energy Audit,1420 Bushwick Ave,Bushwick Multi Service Center,Completed,04-Nov-10,None
HRA,,,Other,1420 Burswick Ave,Bushwick Multi Service Center,Proposed,,Retro-commissioning
HRA,,,Other,1420 Burswick Ave,Bushwick Multi Service Center,Survey,,Retro-commissioning
,47.45,,HVAC System Upgrade,,,Completed,,
NYPD,48.84,16-Oct-08,Lighting System Upgrade,524 WEST 42ND ST,Midtown North - Manhattan Zone,Completed,20-Mar-08,Retrofit
NYPD,42.07,13-Sep-08,Lighting System Upgrade,2 EAST 169TH ST,44th Precinct,Completed,05-Sep-07,Retrofit
NYPD,22.42,11-Sep-08,Lighting System Upgrade,257 ALEXANDER AVENUE,40th Precinct,Completed,05-Sep-07,Retrofit
NYPD,71.69,12-Sep-08,Lighting System Upgrade,1035 LONGWOOD AVENUE,41st Precinct,Completed,05-Sep-07,Retrofit
NYPD,50.65,14-Sep-08,Lighting System Upgrade,2121 EASTCHESTER ROAD,49th Precinct,Completed,05-Sep-07,Retrofit
NYPD,13.48,15-Sep-08,Lighting System Upgrade,1278 SEDGWICK AVENUE,Old 44th Precinct (Bronx Task Force),Completed,05-Sep-07,Retrofit
NYPD,40.08,20-Jul-09,Lighting System Upgrade,4295 BROADWAY,34th Precinct,Completed,12-Dec-08,Retrofit
NYPD,30.02,20-Jul-09,Lighting System Upgrade,134-40 W 30TH ST,Traffic Control Division,Completed,12-Dec-08,Retrofit
NYPD,15.90,20-Jul-09,Lighting System Upgrade,PIER 36 & SOUTH STREET,Pier 36 Precinct,Completed,12-Dec-08,Retrofit
NYPD,12.63,20-Jul-09,Lighting System Upgrade,116 Main Street,123rd Precinct,Completed,01-Dec-08,Retrofit
NYPD,26.75,28-Jan-10,Lighting System Upgrade,45-06 215TH STREET,111th Precinct,Completed,20-May-09,Retrofit
NYPD,41.65,28-Jan-10,Lighting System Upgrade,2575 CONEY ISLAND AVENUE,61st Precinct,Completed,20-May-09,Retrofit
NYPD,22.51,28-Jan-10,Lighting System Upgrade,1925 BATH AVENUE,62nd Precinct,Completed,20-May-09,Retrofit
NYPD,12.31,28-Jan-10,Lighting System Upgrade,1844 BROOKLYN AVENUE,63rd Precinct,Completed,20-May-09,Retrofit
NYPD,12.23,28-Jan-10,Lighting System Upgrade,5822 16TH AVENUE,66th Precinct,Completed,20-May-09,Retrofit
NYPD,14.23,28-Jan-10,Lighting System Upgrade,154 LAWRENCE AVENUE,70th Precinct,Completed,20-May-09,Retrofit
NYPD,64.13,24-Nov-10,Lighting System Upgrade,421 EMPIRE BOULEVARD,Group 5 - 71st/76th/90th/94th/77 Annex Pcts,Completed,12-Feb-10,Retrofit
NYPD,41.78,24-Nov-10,Lighting System Upgrade,191 UNION STREET,Group 5 - 71st/76th/90th/94th/77 Annex Pcts,Completed,30-Jun-10,Retrofit
NYPD,25.83,24-Nov-10,Lighting System Upgrade,653 GRAND AVENUE,Group 5 - 71st/76th/90th/94th/77 Annex Pcts,Completed,30-Jun-10,Retrofit
NYPD,91.94,24-Nov-10,Lighting System Upgrade,211 UNION AVE,Group 5 - 71st/76th/90th/94th/77 Annex Pcts,Completed,12-Feb-10,Retrofit
NYPD,57.60,24-Nov-10,Lighting System Upgrade,100 MESEROLE AVENUE,Group 5 - 71st/76th/90th/94th/77 Annex Pcts,Completed,30-Jun-10,Retrofit
NYPD,22.13,21-Oct-11,Lighting System Upgrade,"9224 Rockaway  Beach, or 92-24 Rockaway Beach Boulevard",100th Precinct,Substantially Completed,26-Jan-11,Retrofit
NYPD,20.56,14-Oct-11,Lighting System Upgrade,"1612 Mott Avenue, or 16-12 Mott Avenue",101st Precinct,Substantially Completed,26-Jan-11,Retrofit
NYPD,57.26,09-Dec-11,Lighting System Upgrade,34-16 ASTORIA BOULEVARD,114th Precinct,Substantially Completed,26-Jan-11,Retrofit
NYPD,112.24,27-Aug-12,Lighting System Upgrade,59-06 LAUREL HILL BLVD,BMS/QMS Building,Substantially Completed,29-Aug-11,Retrofit
NYPD,804.20,,HVAC System Upgrade,150-18 Jamaica Avenue Queens NY,NYPD Forensic Investigation Division,Install,17-Jan-12,Retrofit
NYPD,1.26,31-Dec-08,HVAC System Upgrade,"2207 Amsterdam Ave., NY, NY",NYPD - 33rd Precinct,Completed,10-Mar-08,Retrofit
NYPD,157.12,27-Sep-11,HVAC System Upgrade,,1086 Simpson Street Bronx NY 10459,Completed,13-Sep-10,Retrofit
NYPD,,,HVAC System Upgrade,,,Completed,,Retrofit
NYPD,287.26,12-Sep-11,HVAC System Upgrade,263 Tompkins Ave.,79th Pct.,Completed,10-Mar-08,Retrofit
NYPD,136.02,13-May-10,HVAC System Upgrade,11 Front Street Brooklyn NY,NYPD Shop # 1,Completed,,Retrofit
NYPD,125.53,11-Jun-10,Lighting System Upgrade,150-18 JAMAICA AVENUE,Police Forensic Lab - Lighting,Completed,04-Dec-09,Retrofit
NYPD,7.13,,Comprehensive,2320 Hylan Blvd,122nd Precinct,Cancelled,,Retrofit
NYPD,,,Other,2320 Hylan Blvd,122nd Precinct,Proposed,,Retro-commissioning
NYPD,,,Other,2320 Hylan Blvd,122nd Precinct,Survey,,Retro-commissioning
NYPD,2914.41,,HVAC System Upgrade,1 Police Plaza,Police Headquarters,Design,07-Nov-11,Retrofit
NYPD,,,Other,1 Police Plaza,Police Headquarters,Survey,,Retro-commissioning
NYPD,64.56,,HVAC System Upgrade,9720 Foster Avenue,69th Precinct - 9720 Foster Avenue,Design,,Retrofit
NYPD,15.77,24-Feb-12,Other,34-16 Astoria Blvd,114th Precinct - Photovoltaic,Substantially Completed,14-Dec-11,Photovoltaic
NYPD,22.52,24-Feb-12,Other,92-15 Northern Blvd,115th Precinct - Photovoltaic,Substantially Completed,14-Dec-11,Photovoltaic
NYPD,13.51,07-Mar-12,Other,450 Cross Bronx Expressway,48th Precinct - Photovoltaic,Substantially Completed,14-Dec-11,Photovoltaic
NYPD,59.40,,Lighting System Upgrade,1086 Simpson Street,Old 41st Precinct,Design,,Retrofit
NYPD,0.00,,Other,"College Point, Queens",New York Police Academy,Install,,Cogen
NYPL,2122.53,,HVAC System Upgrade,454 Fifth Avenue,Humanities & Social Sciences Library,Install,15-Mar-12,Retrofit
NYPL,,,Other,454 Fifth Avenue,Humanities & Social Sciences Library,Survey,,Retro-commissioning
NYPL,26.63,11-Apr-11,Lighting System Upgrade,40 West 20th Street,Andrew Heiskell Library,Completed,17-Dec-10,Retrofit
NYPL,23.59,31-Dec-11,Lighting System Upgrade,3060 Middletown Road,Pelham Bay Branch Library,Completed,01-Apr-11,Retrofit
NYPL,15.48,15-Mar-12,Lighting System Upgrade,4100 Lowerre Place,Wakefield Branch,Substantially Completed,24-Oct-11,Retrofit
QPL,8.27,29-Mar-12,Lighting System Upgrade,8541 Forest Pkwy,Woodhaven Branch Library,Substantially Completed,12-Mar-12,Retrofit
,111.18,,HVAC System Upgrade,"614 Broadway Staten Island, NY",Staten Island Zoo,Design,,Retrofit
TLC,61.06,29-Jun-12,Comprehensive,24-55 Brooklyn-Queens Expwy,Woodside Inspection Facility,Substantially Completed,30-Jan-12,Retrofit
TLC,,,Other,24-55 Brooklyn-Queens Expwy,Woodside Inspection Facility,Survey,09-Aug-11,Retro-commissioning
